"","SYMBOL_Host","SYMBOL_Nested","pairid","Host_mouse_ortholog","Nested_mouse_ortholog"
"3","MARK4","TRAPPC6A","12773_ID","Mark4","Trappc6a"
"4","CUTC","COX15","6695_ID","Cutc","Cox15"
"6","AF241726.1","OTC","9482_ID","Tspan7","Otc"
"7","HOXC6","HOXC8","7278_ID","Hoxc6","Hoxc8"
"14","EPDR1","NME8","9273_ID","Epdr1","Nme8"
"19","ACO2","PHF5A","9551_ID","Aco2","Phf5a"
"20","ARMH4","PSMA3","9667_ID","Armh4","Psma3"
"24","ZNF627","ACP5","4333_ID","Gm20422","Acp5"
"26","ALDH1A2","AQP9","6326_ID","Aldh1a2","Aqp9"
"27","AC087721.2","OIP5","9331_ID","Nusap1","Oip5"
"28","AC011462.1","EXOSC5","6947_ID","Bckdha","Exosc5"
"29","MARK4","PPP1R37","9616_ID","Mark4","Ppp1r37"
"30","HOOK2","RNASEH2A","10535_ID","Hook2","Rnaseh2a"
"31","AC008764.1","C19orf44","6491_ID","Med26","1700030K09Rik"
"32","AC007192.1","PIK3R2","9560_ID","Pik3r2","Pik3r2"
"33","AC006486.1","ERF","6920_ID","Gsk3a","Erf"
"34","GNGT1","TFPI2","12666_ID","Gngt1","Tfpi2"
"48","C12orf60","ART4","6349_ID","BC049715","Art4"
"71","AL049844.3","ZC2HC1B","13004_ID","Ltv1","Zc2hc1b"
"72","RNF103-CHMP3","RNF103","10538_ID","Chmp3","Rnf103"
"74","AC008012.1","FGF23","7024_ID","Ccnd2","Fgf23"
"75","HOXB7","HOXB8","7268_ID","Hoxb7","Hoxb8"
"79","AL355312.5","LRP11","7854_ID","Raet1e","Lrp11"
"81","TAF7","SLC25A2","12082_ID","Taf7","Slc25a2"
"89","TMIGD3","ADORA3","4362_ID","Tmigd3","Adora3"
"90","RMI2","PRM2","9643_ID","Rmi2","Prm2"
"91","AC069288.1","MRM2","9159_ID","Mrm2","Mrm2"
"92","AL138752.2","DCAF10","6769_ID","Shb","Dcaf10"
"93","AC023055.1","ORMDL2","9477_ID","Dnajc14","Ormdl2"
"95","AC011462.1","B9D2","6392_ID","Bckdha","B9d2"
"96","TMEM91","B9D2","6391_ID","Tmem91","B9d2"
"103","AC116366.2","IRF1","7367_ID","Rad50","Irf1"
"107","MMP24OS","MMP24","9150_ID","BC029722","Mmp24"
"110","SSBP1","TAS2R3","12608_ID","Ssbp1","Tas2r137"
"111","SSBP1","TAS2R4","12616_ID","Ssbp1","Tas2r108"
"112","P2RX5-TAX1BP3","EMC6","6903_ID","P2rx5","Emc6"
"114","KCP","ATP6V1F","6382_ID","Kcp","Atp6v1f"
"119","MPDU1","SOX15","12493_ID","Mpdu1","Sox15"
"124","ZNF511-PRAP1","CALY","6544_ID","Prap1","Caly"
"125","PPAN-P2RY11","PPAN","9608_ID","Ppan","Ppan"
"126","NMT1","C1QL1","6497_ID","Nmt1","C1ql1"
"127","NR1H2","NAPSA","9226_ID","Nr1h2","Napsa"
"128","P4HA2","PDLIM4","9530_ID","P4ha2","Pdlim4"
"133","NUDC","NR0B2","9299_ID","Nudc","Nr0b2"
"134","ARMH4","ACTR10","4343_ID","Armh4","Actr10"
"135","AC084337.2","TIMM10B","12696_ID","Gm45799","Gm45799"
"139","DMGDH","BHMT2","6414_ID","Dmgdh","Bhmt2"
"140","AC008581.2","ZBED3","12994_ID","Aggf1","Zbed3"
"145","FLVCR2","ERG28","6922_ID","Flvcr2","Erg28"
"148","OGG1","CAMK1","6545_ID","Ogg1","Camk1"
"150","BIVM-ERCC5","BIVM","6419_ID","Ercc5","Bivm"
"156","ESYT1","ZC3H10","13005_ID","Esyt1","Zc3h10"
"161","STRADA","LIMD2","7525_ID","Strada","Limd2"
"172","C2orf88","MSTN","9179_ID","1700019D03Rik","Mstn"
"180","AC004922.1","ARPC1A","6345_ID","Arpc1a","Arpc1a"
"181","SPATA22","ASPA","6357_ID","Spata22","Aspa"
"183","AC017083.3","PNO1","9592_ID","Ppp3r1","Pno1"
"187","MTRR","FASTKD3","7004_ID","Mtrr","Fastkd3"
"188","NPHP3-ACAD11","UBA5","12839_ID","Nphp3","Uba5"
"189","AC091959.1","RBM27","9714_ID","Rbm27","Rbm27"
"196","PMEL","CDK2","6602_ID","Pmel","Cdk2"
"207","TGFB1","CCDC97","6580_ID","Tgfb1","Ccdc97"
"208","SH3D21","EVA1B","6941_ID","Sh3d21","Eva1b"
"216","DMGDH","BHMT","6413_ID","Dmgdh","Gm5096"
"222","ARL10","HIGD2A","7237_ID","Arl10","Higd2a"
"224","CYREN","TMEM140","12717_ID","Cyren","Tmem140"
"225","MORC4","RIPPLY1","9754_ID","Morc4","Ripply1"
"228","AL359922.1","CDKN2B","6605_ID","Mtap","Cdkn2b"
"233","AC104389.5","TRIM6","12784_ID","Trim30a","Trim6"
"240","AP001931.2","TMX2","12748_ID","Tmx2","Tmx2"
"241","RDX","ZC3H12C","13006_ID","Rdx","Zc3h12c"
"242","FEZ1","EI24","6882_ID","Fez1","Ei24"
"243","FO393400.1","COMMD7","6691_ID","Commd7","Commd7"
"245","AP000944.5","CDC42EP2","6598_ID","Pola2","Cdc42ep2"
"246","AP002512.3","OR5M9","9461_ID","Olfr1034","Olfr1036"
"250","AP002884.2","IL18","7349_ID","Sdhd","Il18"
"251","AP002884.2","TEX12","12652_ID","Sdhd","Tex12"
"255","NDUFC2-KCTD14","THRSP","12685_ID","Ndufc2","Thrsp"
"256","NDUFC2-KCTD14","NDUFC2","9247_ID","Ndufc2","Ndufc2"
"261","SERPINB11","SERPINB3","12040_ID","Serpinb11","Serpinb3d"
"268","CFTR","ASZ1","6360_ID","Cftr","Asz1"
"269","NIPSNAP2","MRPS17","9170_ID","Nipsnap2","Mrps17"
"271","STK3","KCNS2","7430_ID","Stk3","Kcns2"
"277","COG8","PDF","9528_ID","Cog8","Pdf"
"285","CFAP298-TCP10L","CFAP298","6626_ID","Cfap298","Cfap298"
"297","PTCD1","CPSF4","6702_ID","Ptcd1","Cpsf4"
"298","ATP5MF-PTCD1","CPSF4","6703_ID","Ptcd1","Cpsf4"
"299","AC104389.5","HBE1","7218_ID","Trim12c","Hbb-y"
"308","PKMYT1","PAQR4","9500_ID","Pkmyt1","Paqr4"
"309","BSCL2","GNG3","7141_ID","Bscl2","Gng3"
"316","STON1-GTF2A1L","LHCGR","7521_ID","Ston1","Lhcgr"
"317","MFSD2B","WDCP","12906_ID","Mfsd2b","Wdcp"
"325","CCR3","CCR1","6588_ID","Ccr3","Ccr1l1"
"329","AC098588.2","HHIP","7232_ID","Anapc10","Hhip"
"333","AL132671.2","DCBLD1","6772_ID","Gopc","Dcbld1"
"336","DBNL","PGAM2","9540_ID","Dbnl","Pgam2"
"337","DLC1","C8orf48","6523_ID","Dlc1","AI429214"
"339","AC012213.5","DCAF13","6770_ID","Slc25a32","Dcaf13"
"340","AF241726.1","SYTL5","12590_ID","Tspan7","Sytl5"
"342","AL138752.2","TRMT10B","12788_ID","Shb","Trmt10b"
"343","EGLN3","SPTSSA","12540_ID","Egln3","Sptssa"
"347","AC092718.8","ATMIN","6364_ID","Gcsh","Atmin"
"352","AC104389.5","OR51Q1","9431_ID","Trim12c","Olfr638"
"364","HBE1","OR51Q1","9432_ID","Hbb-y","Olfr638"
"372","AC005726.1","UNC119","12846_ID","Spag5","Unc119"
"376","HOOK2","PRDX2","9624_ID","Hook2","Prdx2"
"381","MRPL33","RBKS","9712_ID","Mrpl33","Rbks"
"383","TTC33","PTGER4","9674_ID","Ttc33","Ptger4"
"387","HOOK2","JUNB","7392_ID","Hook2","Junb"
"388","ITK","FAM71B","6994_ID","Itk","Fam71b"
"390","MXD3","PRELID1","9626_ID","Mxd3","Prelid1"
"391","TACC3","TMEM129","12714_ID","Tacc3","Tmem129"
"393","CENPT","THAP11","12674_ID","Cenpt","Thap11"
"396","HEATR4","RIOX1","9752_ID","Heatr4","Riox1"
"399","CRYAB","HSPB2","7311_ID","Cryab","Hspb2"
"401","SLC2A9","DRD5","6847_ID","Slc2a9","Drd5"
"403","RP1L1","C8orf74","6524_ID","Rp1l1","4930578I06Rik"
"413","USP39","C2orf68","6509_ID","Usp39","0610030E20Rik"
"423","MYO1E","LDHAL6B","7518_ID","Myo1e","Ldhal6b"
"427","AC011455.2","MRPS12","9168_ID","Sars2","Mrps12"
"431","OPRL1","LKAAEAR1","7828_ID","Oprl1","Lkaaear1"
"432","CENPS-CORT","CENPS","6620_ID","Cenps","Cenps"
"445","SRA1","EIF4EBP3","6889_ID","Sra1","Eif4ebp3"
"447","C1orf112","METTL18","7943_ID","BC055324","Mettl18"
"451","WDR33","SFT2D3","12047_ID","Wdr33","Sft2d3"
"455","HEATR4","ACOT1","4327_ID","Heatr4","Acot1"
"460","HOXB7","HOXB9","7269_ID","Hoxb7","Hoxb9"
"462","AC104389.5","UBQLN3","12842_ID","Trim30a","Ubqln3"
"475","AC008676.3","FNDC9","7052_ID","Fndc9","Fndc9"
"477","RAD9A","CLCF1","6658_ID","Rad9a","Clcf1"
"484","FAM228B","PFN4","9539_ID","Fam228b","Pfn4"
"486","IST1","ZNF821","13076_ID","Ist1","Zfp821"
"489","ENPP3","CTAGE9","6731_ID","Enpp3","Mia2"
"512","AC109583.1","PRSS50","9660_ID","Prss50","Prss50"
"513","ENPP3","OR2A4","9375_ID","Enpp3","Olfr13"
"514","ALG1","C16orf89","6481_ID","Alg1","AU021092"
"526","AC020765.6","SGF29","12050_ID","Sult5a1","Sgf29"
"530","TRIM5","OR56B1","9454_ID","Trim12c","Olfr504"
"545","SMC6","GEN1","7114_ID","Smc6","Gen1"
"550","MARK4","NKPD1","9266_ID","Mark4","Nkpd1"
"553","ZNF771","DCTPP1","6775_ID","Zfp771","Dctpp1"
"555","SUMF1","LRRN1","7870_ID","Sumf1","Lrrn1"
"557","TMEM63C","ZDHHC22","13011_ID","Tmem63c","Zdhhc22"
"567","LEPROTL1","MBOAT4","7926_ID","Leprotl1","Mboat4"
"571","MZT2A","TUBA3D","12822_ID","Mzt2","Tuba3b"
"572","AC006059.2","HIGD1A","7236_ID","Ccdc13","Higd1a"
"573","MPRIP","PLD6","9580_ID","Mprip","Pld6"
"576","AC005726.1","SPAG5","12502_ID","Spag5","Spag5"
"585","AC005670.2","RPRML","11956_ID","Gosr2","Rprml"
"586","SHARPIN","MAF1","7903_ID","Sharpin","Maf1"
"588","AC104389.5","OR52D1","9438_ID","Trim30d","Olfr646"
"592","HBE1","OR52D1","9441_ID","Hbb-y","Olfr646"
"628","AC013489.1","MRPS11","9167_ID","Det1","Mrps11"
"636","NDUFS3","PTPMT1","9677_ID","Ndufs3","Ptpmt1"
"641","RMI2","PRM3","9644_ID","Rmi2","Prm3"
"648","C14orf39","SIX6","12067_ID","4930447C04Rik","Six6"
"650","MSH2","KCNK12","7421_ID","Msh2","Kcnk12"
"652","LINC02203","OR4N4","9395_ID","Olfr732","Olfr733"
"656","AC135068.4","OR4N4","9394_ID","Olfr732","Olfr733"
"658","AC134980.2","OR4N4","9396_ID","Olfr732","Olfr733"
"671","MRPS22","PRR23B","9651_ID","Mrps22","Prr23a2"
"689","CIITA","DEXI","6790_ID","Ciita","Dexi"
"695","NAA38","CYB5D1","6749_ID","Naa38","Cyb5d1"
"696","HOXB3","HOXB4","7263_ID","Hoxb3","Hoxb4"
"699","LINC02203","AC135068.1","4137_ID","Olfr732","Olfr734"
"700","AC134980.2","AC135068.1","4136_ID","Olfr733","Olfr734"
"701","OR4M2","AC135068.1","4138_ID","Olfr734","Olfr734"
"712","TMEM223","TMEM179B","12719_ID","Tmem223","Tmem179b"
"717","PPT2-EGFL8","EGFL8","6873_ID","Ppt2","Egfl8"
"754","AC020765.6","SULT1A2","12581_ID","Sult5a1","Sult5a1"
"761","AC068896.1","FAM53B","6991_ID","Eef1akmt2","Fam53b"
"762","NPHP3-ACAD11","NPHP3","9288_ID","Nphp3","Nphp3"
"763","PYGL","ABHD12B","9_ID","Pygl","Abhd12b"
"764","ITFG2","NRIP2","9306_ID","Itfg2","Gm44596"
"770","AC079447.1","MRPL30","9162_ID","Mrpl30","Mrpl30"
"771","NAE1","CA7","6526_ID","Nae1","Car7"
"773","SMIM12","GJB5","7126_ID","Smim12","Gjb5"
"775","PTS","PLET1","9581_ID","Pts","Plet1"
"777","AF241726.1","RPGR","11951_ID","Tspan7","Rpgr"
"780","SMIM12","GJB4","7125_ID","Smim12","Gjb4"
"783","AL136295.1","TSSK4","12807_ID","Tm9sf1","Tssk4"
"790","AC105052.1","UPK3BL1","12850_ID","Upk3bl","Upk3bl"
"802","AF241726.1","H2AP","7210_ID","Tspan7","H2ap"
"807","SMIM12","GJA4","7120_ID","Smim12","Gja4"
"813","NDUFAF6","TP53INP1","12763_ID","Ndufaf6","Trp53inp1"
"821","ANKUB1","RNF13","10540_ID","Ankub1","Rnf13"
"823","KCTD2","ATP5PD","6377_ID","Kctd2","Atp5h"
"825","AC104389.5","OR52B6","9437_ID","Trim30a","Olfr650-ps1"
"836","SPINT2","PPP1R14A","9613_ID","Spint2","Ppp1r14a"
"841","ERI2","REXO5","9735_ID","Eri2","Rexo5"
"854","C2orf69","TYW5","12827_ID","1700066M21Rik","Tyw5"
"856","AC104389.5","TRIM6-TRIM34","12785_ID","Trim12a","Trim34a"
"874","STIMATE-MUSTN1","STIMATE","12569_ID","Stimate","Stimate"
"885","MIA-RAB4B","RAB4B","9691_ID","Gm21983","Rab4b"
"895","MS4A6E","MS4A7","9173_ID","Ms4a6c","Ms4a7"
"898","SOD2","WTAP","12915_ID","Sod2","Wtap"
"901","ZFP30","ZNF781","13072_ID","Zfp30","Zfp84"
"914","TTI2","MAK16","7913_ID","Tti2","Mak16"
"915","NPHS1","KIRREL2","7447_ID","Nphs1","Kirrel2"
"916","PIPOX","SEZ6","12045_ID","Pipox","Sez6"
"925","POLR2F","SOX10","12491_ID","Polr2f","Sox10"
"926","CALCB","CALCA","6538_ID","Calcb","Calca"
"929","GPA33","STYXL2","12575_ID","Gpa33","Dusp27"
"932","CCT6B","ZNF830","13077_ID","Cct6b","Zfp830"
"958","DALRD3","MIR425","8453_ID","Dalrd3","Mir425"
"997","JAK1","MIR101-1","7955_ID","Jak1","Mir101a"
"1034","HTT","RNU6-204P","11072_ID","Htt","Gm23622"
"1038","PIBF1","RNU6-79P","11510_ID","Pibf1","Gm26424"
"1041","MAN1B1","SNORD62","12436_ID","Man1b1","Gm24920"
"1047","ANTXR1","RNU6-1216P","10919_ID","Antxr1","U6"
"1052","MYO1E","RNU6-212P","11077_ID","Myo1e","Gm24449"
"1054","ROBO2","RNU6-386P","11199_ID","Robo2","Gm25985"
"1060","MACROD2","RNU6-228P","11085_ID","Macrod2","Gm25512"
"1076","FAM169A","RNU6-1330P","11012_ID","Fam169a","Gm26063"
"1077","NSA2","RNU6-1330P","11013_ID","Nsa2","Gm26063"
"1079","ABCB10","RNU4-21P","10664_ID","Abcb10","Gm26254"
"1084","LIMK2","RNU6-1128P","10844_ID","Limk2","U6"
"1085","MRC2","RNU6-446P","11251_ID","Mrc2","Gm22827"
"1086","MTPN","RNU6-223P","11083_ID","Mtpn","Gm25811"
"1102","APBB2","RNU6-836P","11543_ID","Apbb2","Gm22605"
"1106","MACROD2","RNU6-1159P","10866_ID","Macrod2","Gm26279"
"1107","DNAJC5","RNU1-134P","10564_ID","Dnajc5","Gm24788"
"1116","TEF","RNU6-495P","11281_ID","Tef","Gm23264"
"1117","RAB10","RNU6-942P","11624_ID","Rab10","U6"
"1120","PPHLN1","RNU6-249P","11097_ID","Pphln1","Gm23941"
"1140","IFT172","RNU6-986P","11654_ID","Ift172","U6"
"1141","PPM1D","RNU6-623P","11387_ID","Ppm1d","Gm26063"
"1153","LINS1","RNU6-181P","11055_ID","Lins1","Gm26084"
"1155","CCNY","RNU6-1167P","10873_ID","Ccny","Gm24392"
"1177","SETD4","RNU6-992P","11657_ID","Setd4","Gm23025"
"1181","NUP210L","RNU6-179P","11054_ID","Nup210l","Gm23138"
"1185","MAP3K2","RNU6-1147P","10853_ID","Map3k2","Gm22378"
"1199","OPN5","RNU1-105P","10551_ID","Opn5","Gm23692"
"1207","PROS1","RNU6-511P","11296_ID","Pros1","U6"
"1213","ERC2","RN7SKP45","9897_ID","Erc2","7SK"
"1229","TMEM107","SNORD118","12358_ID","Tmem107","Gm24208"
"1231","PPM1K","RNU6-112P","10845_ID","Ppm1k","Gm26076"
"1232","GRIN2B","RN7SKP162","9797_ID","Grin2b","7SK"
"1240","CDK19","RNU6-957P","11634_ID","Cdk19","U6"
"1241","NDUFAF6","RNU6-1209P","10913_ID","Ndufaf6","Gm26203"
"1246","MTA3","RNU6-137P","11026_ID","Mta3","Gm22259"
"1248","NDRG4","RNU6-103P","10786_ID","Ndrg4","Gm23656"
"1254","PATJ","RNU6-414P","11219_ID","Patj","Gm25132"
"1273","HRH2","RNU6-226P","11084_ID","Hrh2","Gm22060"
"1286","FNTA","RNU1-124P","10561_ID","Fnta","Gm22809"
"1288","MAN1A1","RNU6-194P","11061_ID","Man1a","U6"
"1307","PRUNE1","RNU6-884P","11583_ID","Prune1","Gm23622"
"1308","ZNF638","RNU6-105P","10806_ID","Zfp638","Gm22716"
"1319","USP15","RNU6-595P","11365_ID","Usp15","U6"
"1329","PLBD1","RN7SKP134","9783_ID","Plbd1","7SK"
"1332","PAN3","RNU6-82P","11536_ID","Pan3","Gm22606"
"1336","HSPA8","SNORD14E","12376_ID","Hspa8","SNORD14"
"1337","TBL1XR1","RNU6-681P","11430_ID","Tbl1xr1","Gm22287"
"1342","PPA2","RNU6-553P","11333_ID","Ppa2","Gm25294"
"1343","LRPPRC","RNU6-1048P","10792_ID","Lrpprc","Gm23453"
"1344","SLC16A10","RNU6-960P","11638_ID","Slc16a10","Gm22087"
"1351","SIL1","SNORA74A","12208_ID","Sil1","Snora74a"
"1365","RAP1A","RNU6-151P","11036_ID","Rap1a","U6"
"1374","EPM2A","RNU1-33P","10580_ID","Epm2a","Gm25411"
"1380","FGF14","RNU1-24P","10574_ID","Fgf14","U1"
"1385","SRPK2","RNU6-1322P","11006_ID","Srpk2","Gm22021"
"1386","MACROD2","RNU6-115P","10867_ID","Macrod2","Gm26279"
"1391","R3HDM2","RNU6-879P","11578_ID","R3hdm2","U6"
"1405","RPS3A","SNORD73","12444_ID","Rps3a1","Snord73b"
"1412","FILIP1","RNU1-34P","10581_ID","Filip1","Gm26505"
"1417","RPL12","SNORA65","12193_ID","Rpl12","Gm24613"
"1426","GABBR1","SNORD32B","12397_ID","Gabbr1","SNORD33"
"1429","GPR160","RNU4-38P","10680_ID","Gpr160","Gm23429"
"1430","PLCB1","RNU105B","10613_ID","Plcb1","Gm24533"
"1445","PIGX","RNU6-646P","11405_ID","Pigx","Gm23656"
"1446","CEP19","RNU6-646P","11404_ID","Cep19","Gm23656"
"1450","PABPC4","SNORA55","12184_ID","Pabpc4","Gm26048"
"1457","STK32B","RN7SKP275","9873_ID","Stk32b","7SK"
"1460","SCAPER","RN7SKP217","9827_ID","Scaper","7SK"
"1463","JARID2","RNU6-645P","11403_ID","Jarid2","Gm24668"
"1464","SIL1","RNA5SP194","10509_ID","Sil1","5S_rRNA"
"1472","MYRIP","RNU4-56P","10696_ID","Myrip","Gm25284"
"1473","PSMD1","RNU1-93P","10611_ID","Psmd1","U1"
"1480","PFKFB3","RN7SKP78","9922_ID","Pfkfb3","7SK"
"1489","MICOS10","RNU4-28P","10671_ID","Micos10","Gm26254"
"1490","CARS1","RNU1-91P","10610_ID","Cars","U1"
"1492","ADAMTS12","RNU6-923P","11613_ID","Adamts12","Gm23622"
"1500","FNDC3A","RNU6-60P","11378_ID","Fndc3a","Gm23503"
"1508","USP28","RNU6-1107P","10834_ID","Usp28","U6"
"1526","ATP6V1G2-DDX39B","SNORD117","12356_ID","Atp6v1g2","Gm25128"
"1533","SLC39A10","RNU6-915P","11609_ID","Slc39a10","Gm22783"
"1545","FAM155A","SNORD31","12395_ID","Fam155a","Gm23246"
"1546","GATA6","RNU6-702P","11441_ID","Gata6","Gm25322"
"1547","RGS7BP","RNU6-294P","11135_ID","Rgs7bp","Gm23421"
"1548","EIF1AX","snoU2-30","12473_ID","Eif1ax","Scarna9"
"1551","GRIN2B","RNU6-590P","11362_ID","Grin2b","Gm25482"
"1569","PDE4D","RNU6-806P","11514_ID","Pde4d","Gm24263"
"1570","TPR","RNU6-1240P","10939_ID","Tpr","Gm22359"
"1571","PRG4","RNU6-1240P","10940_ID","Prg4","Gm22359"
"1574","MON2","RNU6-399P","11207_ID","Mon2","Gm25401"
"1591","TRPC4AP","RNU6-407P","11217_ID","Trpc4ap","Gm26441"
"1592","ATP8B1","RNU6-742P","11469_ID","Atp8b1","Gm23545"
"1601","PPP1R21","RNU6-282P","11125_ID","Ppp1r21","Gm26371"
"1603","SLC46A3","RNU6-53P","11322_ID","Slc46a3","Gm23678"
"1629","NMNAT1","RN7SKP269","9868_ID","Nmnat1","7SK"
"1633","DNAH12","RNU6-108P","10824_ID","Dnah12","Gm22591"
"1634","IWS1","RNU4-48P","10686_ID","Iws1","Gm26478"
"1640","DNAJC27","SNORD14","12371_ID","Dnajc27","Snord14a"
"1649","POLR2D","RNU6-395P","11202_ID","Polr2d","Gm25985"
"1663","AC000093.1","GP1BB","7146_ID","Septin5","Gp1bb"
"1672","OPN3","CHML","6640_ID","Opn3","Chml"
"1674","AL391628.1","COQ8A","6692_ID","Psen2","Coq8a"
"1675","TCP10L2","GPR31","7163_ID","Tcp10b","Gpr31b"
"1686","SMG7","NCF2","9239_ID","Smg7","Ncf2"
"1691","AL512785.2","SPATA46","12515_ID","Gm7694","Spata46"
"1693","KCNJ10","PIGM","9554_ID","Kcnj10","Pigm"
"1696","NTRK1","INSRR","7359_ID","Ntrk1","Insrr"
"1697","CCT3","TSACC","12796_ID","Cct3","Tsacc"
"1698","PMF1-BGLAP","BGLAP","6412_ID","Pmf1","Bglap"
"1701","PMF1-BGLAP","PMF1","9590_ID","Pmf1","Pmf1"
"1703","AL358472.7","CREB3L4","6713_ID","Jtb","Creb3l4"
"1705","S100A4","S100A3","11984_ID","S100a4","Gm42674"
"1709","SCNM1","LYSMD1","7894_ID","Scnm1","Lysmd1"
"1710","CDC42SE1","MLLT11","9147_ID","Cdc42se1","Mllt11"
"1713","MTCP1","BRCC3","6431_ID","Mtcp1","Brcc3"
"1720","OPN1MW3","OPN1MW2","9341_ID","Opn1mw","Opn1mw"
"1724","AL365232.1","KHDC1L","7437_ID","Khdc1b","Khdc1a"
"1735","AL133353.2","ENTPD7","6911_ID","Cox15","Entpd7"
"1738","DNAI3","MCOLN3","7931_ID","Dnai3","Mcoln3"
"1742","FAM217B","PPP1R3D","9617_ID","Fam217b","Ppp1r3d"
"1748","ACOT11","FAM151A","6962_ID","Acot11","Fam151a"
"1750","FFAR4","RBP4","9724_ID","Ffar4","Rbp4"
"1752","TMEM151B","TCTE1","12649_ID","Tmem151b","Tcte1"
"1754","LIPA","IFIT1B","7326_ID","Lipa","Ifit1"
"1758","LIPA","IFIT3","7328_ID","Lipa","Ifit3b"
"1765","MMRN2","SNCG","12144_ID","Mmrn2","Sncg"
"1766","AL451136.1","TOE1","12758_ID","Mutyh","Toe1"
"1767","RGR","LRIT1","7852_ID","Rgr","Lrit1"
"1770","NTMT1","C9orf50","6525_ID","Ntmt1","1700001O22Rik"
"1772","EBNA1BP2","CFAP57","6629_ID","Ebna1bp2","Cfap57"
"1774","WFDC9","WFDC10A","12911_ID","Wfdc9","Wfdc10"
"1779","OARD1","TSPO2","12801_ID","Oard1","Tspo2"
"1783","SMIM12","GJB3","7123_ID","Smim12","Gjb3"
"1786","PIN4","ERCC6L","6918_ID","Pin4","Ercc6l"
"1793","DNAJC25-GNG10","GNG10","7140_ID","Gm20503","Gng10"
"1798","NCOA6","TP53INP2","12764_ID","Ncoa6","Trp53inp2"
"1804","SPC25","G6PC2","7094_ID","Spc25","G6pc2"
"1806","C2","ZBTB12","12995_ID","C2","Zbtb12"
"1813","MPIG6B","LY6G6C","7885_ID","Mpig6b","Ly6g6c"
"1815","DNAJC16","AGMAT","4417_ID","Dnajc16","Agmat"
"1816","AL662899.1","LY6G6F","7889_ID","Ly6g6e","Ly6g6f"
"1821","ENKUR","THNSL1","12679_ID","Enkur","Thnsl1"
"1824","PQBP1","TIMM17B","12697_ID","Pqbp1","Timm17b"
"1831","LRRC43","IL31","7353_ID","Lrrc43","Il31"
"1832","CENPS-CORT","CORT","6694_ID","Cenps","Cort"
"1840","OVOL2","MGME1","7946_ID","Ovol2","Mgme1"
"1841","AL138752.2","FRMPD1","7082_ID","Shb","Frmpd1"
"1845","AF241726.1","DYNLT3","6864_ID","Tspan7","Dynlt3"
"1846","AF241726.1","CYBB","6751_ID","Tspan7","Cybb"
"1847","AC092718.8","C16orf46","6479_ID","Gcsh","1700030J22Rik"
"1848","AF241726.1","XK","12923_ID","Tspan7","Xk"
"1849","AF241726.1","LANCL3","7508_ID","Tspan7","Lancl3"
"1850","CAPS2","GLIPR1L1","7132_ID","Caps2","Glipr1l1"
"1861","HINT1","LYRM7","7893_ID","Hint1","Lyrm7"
"1865","HSD17B4","FAM170A","6964_ID","Hsd17b4","Fam170a"
"1867","CCDC169-SOHLH2","CCDC169","6569_ID","Sohlh2","Ccdc169"
"1870","TRIM5","OR52E6","9444_ID","Trim12a","Olfr675"
"1889","HBE1","OR51I1","9421_ID","Hbb-y","Olfr640"
"1890","AC104389.5","OR51I1","9418_ID","Trim30c","Olfr640"
"1899","AC104389.5","OR51B6","9410_ID","Trim30c","Olfr623"
"1905","HBE1","OR51B6","9412_ID","Hbb-y","Olfr623"
"1919","AC104389.5","OR51B4","9406_ID","Trim12c","Olfr66"
"1927","HBE1","OR51B4","9405_ID","Hbb-y","Olfr66"
"1932","SHBG","SAT2","11988_ID","Shbg","Sat2"
"1934","RNF111","SLTM","12116_ID","Rnf111","Sltm"
"1947","KIAA2026","MLANA","9143_ID","9930021J03Rik","Mlana"
"1963","SPATA6L","PLPP6","9586_ID","Spata6l","Plpp6"
"1964","C1QTNF3-AMACR","C1QTNF3","6498_ID","C1qtnf3","C1qtnf3"
"1977","TPPP2","RNASE13","10531_ID","Tppp2","Rnase13"
"1978","NDRG2","RNASE13","10532_ID","Ndrg2","Rnase13"
"1979","AVEN","CHRM5","6650_ID","Aven","Chrm5"
"1983","TTLL3","RPUSD3","11964_ID","Ttll3","Rpusd3"
"1987","FER","RNU6-47P","11270_ID","Fer","Gm22749"
"1989","XXYLT1","RNU6-25P","11109_ID","Xxylt1","Gm24565"
"1994","TFDP2","RNU6-425P","11227_ID","Tfdp2","U6"
"2003","ACADM","SNORD45C","12410_ID","Acadm","Snord45c"
"2006","JAZF1","RNU6-979P","11649_ID","Jazf1","U6"
"2007","ZNF354B","RNU1-39P","10583_ID","Zfp354b","Gm23330"
"2014","FCHSD2","RNU6-672P","11423_ID","Fchsd2","Gm26164"
"2016","RAP1B","SNORA70G","12200_ID","Rap1b","Gm22603"
"2019","MACF1","RNU6-608P","11377_ID","Macf1","Gm26437"
"2025","DIPK1A","SNORD21","12390_ID","Dipk1a","Snord21"
"2028","RGN","RNU6-1189P","10891_ID","Rgn","Gm25626"
"2029","YES1","RNU1-109P","10555_ID","Yes1","Gm23000"
"2037","RIOK2","RNU1-73P","10598_ID","Riok2","Gm23738"
"2039","RALYL","RNU6-1040P","10787_ID","Ralyl","Gm24661"
"2040","PHACTR1","RNU1-11P","10557_ID","Phactr1","Gm22126"
"2042","SCN11A","RNU6-1227P","10927_ID","Scn11a","Gm24686"
"2043","FKBP6","RNU6-1080P","10816_ID","Fkbp6","Gm25204"
"2058","PHLPP1","RNU6-142P","11029_ID","Phlpp1","Gm24378"
"2059","AVIL","RNU6-1083P","10821_ID","Avil","Gm25416"
"2061","TSFM","RNU6-1083P","10820_ID","Tsfm","Gm25416"
"2064","SLC25A26","RNU6-787P","11499_ID","Slc25a26","Gm24267"
"2072","OSBPL1A","RNU6-435P","11238_ID","Osbpl1a","Gm24521"
"2086","RPS2","SNORA10","12151_ID","Rps2","Gm26418"
"2092","KIFC3","RNU6-20P","11076_ID","Kifc3","Gm25929"
"2094","SHANK3","RNU6-409P","11218_ID","Shank3","Gm24126"
"2096","UBR2","RNU6-890P","11587_ID","Ubr2","Gm26065"
"2097","SFRP1","RNU6-895P","11590_ID","Sfrp1","Gm22977"
"2105","IL1RAPL2","RNU6-207P","11073_ID","Il1rapl2","Gm25670"
"2108","TRMT5","RNU6-398P","11206_ID","Trmt5","Gm26127"
"2109","CCND3","RNU6-761P","11482_ID","Ccnd3","Gm25253"
"2117","IGBP1P2","RNU1-52P","10588_ID","Igbp1","Gm22810"
"2118","TEX14","RNU1-52P","10589_ID","Tex14","Gm22810"
"2131","USP34","SNORA70B","12196_ID","Usp34","Gm23996"
"2139","AC009879.3","RNU6-1324P","11007_ID","Adhfe1","Gm23186"
"2140","VXN","RNU6-1324P","11008_ID","Vxn","Gm23186"
"2145","AF241726.1","RNU6-49P","11283_ID","Tspan7","Gm23460"
"2151","PIP5K1B","RNU6-820P","11529_ID","Pip5k1b","Gm23302"
"2153","MYLK","SNORA5","12179_ID","Mylk","Gm23568"
"2158","CLASRP","RNU6-611P","11380_ID","Clasrp","Gm23610"
"2247","LDOC1","RNU6-3P","11209_ID","Ldoc1","Gm24873"
"2332","UTP4","RNU6-22P","11087_ID","Utp4","Gm23648"
"2340","GRM5","RNU6-16P","11047_ID","Grm5","Gm26285"
"2348","ASH1L","RNU6-1297P","10989_ID","Ash1l","Gm24285"
"2357","PRPSAP1","RNU6-24P","11098_ID","Prpsap1","Gm26327"
"2360","WDR89","RNU6-1162P","10870_ID","Wdr89","Gm26255"
"2362","SLC25A43","RNU1-67P","10595_ID","Slc25a43","Gm22739"
"2366","ROR1","RNU6-809P","11517_ID","Ror1","Gm23104"
"2440","APBB2","RNU6-1195P","10898_ID","Apbb2","Gm25968"
"2448","RAB30","SNORA70E","12198_ID","Rab30","Gm23996"
"2470","ASTN2","SNORA70C","12197_ID","Astn2","Gm22603"
"2481","NCL","SNORD20","12388_ID","Ncl","SNORD20"
"2488","SHROOM3","RNU6-145P","11031_ID","Shroom3","Gm22951"
"2489","ARHGAP31","RNU6-1127P","10843_ID","Arhgap31","Gm24499"
"2493","PGLYRP4","RNU6-160P","11040_ID","Pglyrp4","Gm24630"
"2503","GFM2","RNU6-658P","11414_ID","Gfm2","U6"
"2507","SASH1","RNU6-1222P","10921_ID","Sash1","Gm24925"
"2508","MLLT10","RNU6-306P","11144_ID","Mllt10","Gm22078"
"2515","CWF19L1","RNU6-422P","11224_ID","Cwf19l1","U6"
"2516","SPIDR","RNU6-665P","11418_ID","Spidr","Gm22305"
"2520","COPZ1","RNU6-950P","11631_ID","Copz1","Gm22618"
"2526","STAT4","RNU6-959P","11636_ID","Stat4","Gm25812"
"2539","HACD3","RNU6-19P","11068_ID","Hacd3","Gm25326"
"2540","MTOR","RNU6-291P","11133_ID","Mtor","Gm25390"
"2555","CARMIL1","RNU6-987P","11655_ID","Carmil1","Gm22542"
"2560","CAND2","SNORA7A","12212_ID","Cand2","Snora7a"
"2568","DIPK1A","SNORA66","12194_ID","Dipk1a","Gm26387"
"2569","AC098582.1","RNU6-33P","11165_ID","Herc3","Gm22070"
"2570","HERC3","RNU6-33P","11164_ID","Herc3","Gm22070"
"2845","PTCD3","SNORD94","12465_ID","Ptcd3","Snord94"
"2847","SH3D19","SNORD73A","12446_ID","Sh3d19","Snord73a"
"2852","RPL3","SNORD83A","12451_ID","Rpl3","SNORD83A"
"2860","KLC4","MRPL2","9161_ID","Klc4","Mrpl2"
"2862","SMIM8","C6orf163","6516_ID","Smim8","Gm136"
"2864","TMEM8B","FAM221B","6972_ID","Tmem8b","Fam221b"
"2902","MCC","TSSK1B","12805_ID","Mcc","Tssk1"
"2903","TAS2R14","TAS2R19","12602_ID","Tas2r129","Tas2r136"
"2929","TAS2R14","TAS2R31","12614_ID","Tas2r113","Tas2r120"
"2993","LIN28B","RNU6-1106P","10833_ID","Lin28b","Gm23210"
"2995","WEE2","RNU1-82P","10604_ID","Wee2","Gm25514"
"2997","ST8SIA1","RNU1-149P","10568_ID","St8sia1","Gm25682"
"3005","CASK","RNU6-1321P","11005_ID","Cask","Gm23567"
"3010","TOP1MT","RNU6-220P","11082_ID","Top1mt","Gm26104"
"3011","OVOL2","SNORD17","12381_ID","Ovol2","Snord17"
"3016","AC118553.2","RNU6-750P","11475_ID","Gm43191","Gm23545"
"3017","SLC35A3","RNU6-750P","11474_ID","Slc35a3","Gm23545"
"3019","JAK1","RNU6-1176P","10880_ID","Jak1","Gm25054"
"3023","RNF149","SNORD89","12458_ID","Rnf149","Snord89"
"3030","TECPR2","RNU6-244P","11095_ID","Tecpr2","Gm23354"
"3031","WAPL","RNU6-780P","11497_ID","Wapl","Gm22089"
"3041","CCDC158","RNU6-1000P","10756_ID","Ccdc158","Gm23422"
"3042","APC","RNU6-482P","11273_ID","Apc","U6"
"3046","GSG1L","RNU6-159P","11039_ID","Gsg1l","Gm24178"
"3056","ACVR2A","RNU6-1275P","10967_ID","Acvr2a","Gm23116"
"3059","UPP2","RNU6-932P","11618_ID","Upp2","Gm25390"
"3062","AP3S2","RNU6-1111P","10837_ID","Ap3s2","Gm23298"
"3063","ARPIN-AP3S2","RNU6-1111P","10838_ID","Arpin","Gm23298"
"3079","MAGI2","RNU6-530P","11313_ID","Magi2","U6"
"3092","DNAJC12","RNU6-1250P","10947_ID","Dnajc12","Gm26402"
"3115","RPS9","LILRB3","7524_ID","Rps9","Pira13"
"3141","AC079447.1","LIPT1","7823_ID","Mrpl30","Lipt1"
"3142","AC006030.1","SLC4A5","12099_ID","Dctn1","Slc4a5"
"3154","NDUFA2","TMCO6","12709_ID","Ndufa2","Tmco6"
"3155","ASB3","GPR75","7166_ID","Asb3","Gpr75"
"3156","ZBTB25","AKAP5","4427_ID","Zbtb25","Akap5"
"3157","INTS12","GSTCD","7191_ID","Ints12","Gstcd"
"3161","PARP10","GRINA","7181_ID","Parp10","Grina"
"3163","AC005726.1","ALDOC","5927_ID","Spag5","Aldoc"
"3164","AC005726.1","PIGS","9555_ID","Spag5","Pigs"
"3170","AC068775.1","KLRC3","7460_ID","Klrh1","Clec2m"
"3196","CLTA","GNE","7139_ID","Clta","Gne"
"3197","AC009879.3","ADHFE1","4360_ID","Adhfe1","Adhfe1"
"3199","OR5V1","OR12D3","9352_ID","Olfr111","Olfr109"
"3206","ABCB9","OGFOD2","9327_ID","Abcb9","Ogfod2"
"3210","TEN1-CDK3","TEN1","12650_ID","Ten1","Ten1"
"3271","CD36","GNAT3","7137_ID","Cd36","Gnat3"
"3274","AL365205.1","TOMM6","12759_ID","Gm21981","Tomm6"
"3283","ESS2","TSSK2","12806_ID","Ess2","Tssk2"
"3425","MGLL","KBTBD12","7396_ID","Mgll","Kbtbd12"
"3427","ANKMY1","DUSP28","6861_ID","Ankmy1","Dusp28"
"3428","AKNAD1","GPSM2","7174_ID","Aknad1","Gpsm2"
"3431","SLC25A35","RANGRF","9700_ID","Slc25a35","Rangrf"
"3432","SLC35E4","DUSP18","6860_ID","Slc35e4","Dusp18"
"3537","CCDC180","MIR1302-8","8073_ID","Ccdc180",""
"3586","HDAC9","MIR1302-6","8072_ID","Hdac9",""
"3630","KANSL2","SNORA34","12168_ID","Kansl2","SNORA2C"
"3704","PKD1","MIR1225","7984_ID","Pkd1","MIR1225"
"3781","AL662899.1","LY6G6E","7888_ID","Ly6g6e","Ly6g6e"
"3784","PTGES3L-AARSD1","PTGES3L","9675_ID","Gm27029","Ptges3l"
"3786","AC079447.1","LYG1","7890_ID","Mrpl30","Lyg1"
"3789","PIGX","CEP19","6621_ID","Pigx","Cep19"
"3794","AC017083.3","PPP3R1","9620_ID","Ppp3r1","Ppp3r1"
"3798","SMIM11B","FAM243A","6981_ID","Smim11","Fam243"
"3799","SMIM11A","FAM243A","6983_ID","Smim11","Fam243"
"3813","MYO9A","RNU2-65P","10650_ID","Myo9a","Gm25106"
"3828","ARNTL","RN7SKP151","9790_ID","Arntl","7SK"
"3829","HDAC9","RN7SKP266","9865_ID","Hdac9","7SK"
"3854","EI24","RNU6-1156P","10863_ID","Ei24","Gm23422"
"3855","FEZ1","RNU6-1156P","10862_ID","Fez1","Gm23422"
"3872","TRIP12","RNU6-613P","11381_ID","Trip12","Gm25819"
"3886","RAB3GAP2","SNORA36B","12170_ID","Rab3gap2","SNORA36B"
"3890","METTL15","RN7SKP158","9793_ID","Mettl15","7SK"
"3893","GBE1","RNU2-28P","10626_ID","Gbe1","U2"
"3903","ASTN2","RN7SKP125","9778_ID","Astn2","7SK"
"3906","KIF24","RNU2-50P","10641_ID","Kif24","Gm25783"
"3910","MRNIP","RN7SKP150","9789_ID","Mrnip","7SK"
"3932","NLRP9","RN7SKP109","9764_ID","Nlrp9a","7SK"
"3944","ANAPC10","RN7SKP235","9843_ID","Anapc10","7SK"
"3945","AC098588.2","RN7SKP235","9842_ID","Anapc10","7SK"
"3954","DHX32","RNU2-42P","10638_ID","Dhx32","U2"
"3956","SENP1","RNU6-1203P","10907_ID","Senp1","Gm25827"
"3957","MUC17","RN7SKP54","9905_ID","Muc3","7SK"
"3958","COX16","RNU2-51P","10643_ID","Cox16","Gm24764"
"3959","SYNJ2BP-COX16","RNU2-51P","10642_ID","Gm20498","Gm24764"
"3964","BLMH","RNU6-1267P","10959_ID","Blmh","Gm22880"
"3970","KCNN2","RN7SKP89","9932_ID","Kcnn2","7SK"
"3971","ROS1","RN7SKP51","9902_ID","Ros1","7SK"
"3972","USP37","RN7SKP38","9893_ID","Usp37","7SK"
"3978","WDR70","RNU6-1190P","10893_ID","Wdr70","U6"
"3985","CDK12","RNU6-233P","11089_ID","Cdk12","Gm22056"
"3986","PDE4DIP","RNU2-38P","10635_ID","Pde4dip","Gm25007"
"3990","SEC14L1","RNU4-47P","10684_ID","Sec14l1","Gm22985"
"3994","PKNOX2","RNU6-321P","11153_ID","Pknox2","Gm23656"
"4002","TRAK1","RNU4-78P","10705_ID","Trak1","U4"
"4004","SLCO5A1","RN7SKP29","9882_ID","Slco5a1","7SK"
"4010","GNPTAB","RNU6-172P","11049_ID","Gnptab","Gm25416"
"4016","ARL15","RNU6-272P","11120_ID","Arl15","Gm25039"
"4023","TSNAX-DISC1","RNU5A-5P","10736_ID","Tsnax","Gm23102"
"4024","DISC1","RNU5A-5P","10737_ID","Disc1","Gm23102"
"4033","AKAP12","RN7SKP268","9867_ID","Akap12","7SK"
"4048","RHOBTB1","RNU2-72P","10657_ID","Rhobtb1","Gm23744"
"4050","IL1RAP","RN7SKP296","9887_ID","Il1rap","7SK"
"4052","PDE4B","RNU4-88P","10713_ID","Pde4b","Gm25806"
"4055","SPATA6","RNU4-61P","10699_ID","Spata6","Gm24635"
"4066","HECW1","RNU6-575P","11348_ID","Hecw1","Gm26159"
"4067","SERBP1","RNU6-387P","11200_ID","Serbp1","Gm24223"
"4068","CNTN5","RN7SKP53","9904_ID","Cntn5","7SK"
"4069","NAA16","RNU6-57P","11351_ID","Naa16","Gm23096"
"4080","CCDC32","RNU6-516P","11302_ID","Ccdc32","Gm22597"
"4085","TSBP1","RNU6-603P","11371_ID","BC051142","Gm22576"
"4163","SLC25A12","HAT1","7217_ID","Slc25a12","Hat1"
"4177","MRPS22","PRR23C","9652_ID","Mrps22","Prr23a3"
"4202","MARK4","EXOC3L2","6945_ID","Mark4","Exoc3l2"
"4321","PTEN","AC063965.2","2357_ID","Pten","Pten"
"4339","ERCC1","FOSB","7057_ID","Ercc1","Fosb"
"4501","ST7","AC106873.8","3670_ID","St7","St7"
"4505","AL357673.1","CYB5RL","6750_ID","Cyb5rl","Cyb5rl"
"4556","AC079447.1","MITD1","9141_ID","Mrpl30","Mitd1"
"4626","PIGQ","NHLRC4","9260_ID","Pigq","Nhlrc4"
"4631","DDHD2","PLPP5","9585_ID","Ddhd2","Plpp5"
"4644","LRCH2","RBMXL3","9721_ID","Lrch2","Rbmxl2"
"4646","AL359736.1","SPATA13","12508_ID","Spata13","Spata13"
"4709","AC092042.3","KRBOX1","7465_ID","Zfp65","Zfp65"
"4770","TRIM5","TRIM22","12778_ID","Trim12c","Trim75"
"4802","CAND2","RPL32","11953_ID","Cand2","Rpl32"
"4813","NDUFS3","KBTBD4","7397_ID","Ndufs3","Kbtbd4"
"4847","RB1","RCBTB2","9726_ID","Rb1","Rcbtb2"
"4913","PLCE1","AL139118.1","5008_ID","Plce1","Plce1"
"4916","AF241726.1","SRPX","12546_ID","Tspan7","Srpx"
"5007","CFAP298-TCP10L","EVA1C","6942_ID","Cfap298","Eva1c"
"5073","ACKR2","CYP8B1","6759_ID","Ackr2","Cyp8b1"
"5074","AC092042.3","CYP8B1","6760_ID","Zfp65","Cyp8b1"
"5076","KRBOX1","CYP8B1","6761_ID","Zfp65","Cyp8b1"
"5114","TRIM5","OR52P1P","9451_ID","Trim30d","Olfr656"
"5115","TRIM22","OR52P1P","9452_ID","Trim75","Olfr656"
"5135","WDR12","CARF","6552_ID","Wdr12","Carf"
"5223","NT5C2","RPEL1","11950_ID","Nt5c2","Rpe"
"5265","AC109583.1","PRSS45P","9658_ID","Prss50","Prss45"
"5296","AC116366.2","AC116366.1","3906_ID","Rad50","Irf1"
"5321","RPS6KA2","RAMACL","9699_ID","Rps6ka2","Ramac"
"5324","OR11A1","OR10C1","9347_ID","Olfr96","Olfr95"
"5342","AC005726.1","SLC13A2","12071_ID","Spag5","Slc13a2"
"5388","AC006254.1","MUSTN1","9189_ID","Mustn1","Mustn1"
"5447","SEC22C","SS18L2","12548_ID","Sec22c","Ss18l2"
"5486","AF241726.1","H2AL1RP","7209_ID","Tspan7","H2al1g"
"5567","AC116366.2","IL5","7354_ID","Rad50","Il5"
"5592","ZNF551","ZNF154","13020_ID","Zfp551","Zfy1"
"5806","NKIRAS1","RPL15","11952_ID","Nkiras1","Rpl15"
"5870","PGK1","PGAM4","9541_ID","Pgk1","Pgam1"
"5891","AL365205.1","PRICKLE4","9631_ID","Gm21981","Prickle4"
"5901","EPB41L4A","SNORA13","12156_ID","Epb41l4a",""
"5920","DLAT","RNU6-893P","11588_ID","Dlat","Gm25337"
"5927","AC008581.2","SNORA47","12176_ID","Aggf1","Snora47"
"5942","TPPP3","RNU1-123P","10559_ID","Tppp3","Gm22456"
"5972","ENTHD1","RN7SKP210","9824_ID","Enthd1","7SK"
"5974","CTR9","SNORD97","12469_ID","Ctr9","Gm23262"
"6051","SENP3-EIF4A1","SNORD10","12217_ID","Senp3","Gm25835"
"6082","SERP1","EIF2A","6886_ID","Serp1","Eif2a"
"6198","ATP5MF-PTCD1","ATP5MF","6374_ID","Ptcd1","Atp5j2"
"6266","PIN4","RPS4X","11959_ID","Pin4","Rps4x"
"6291","SMIM13","ERVFRD-1","6929_ID","Smim13","Gm27179"
"6332","AC004593.2","CHN2","6644_ID","Chn2","Chn2"
"6337","KLC1","COA8","6684_ID","Klc1","Coa8"
"6369","KIF15","TMEM42","12735_ID","Kif15","Tmem42"
"6486","TMEM217","AL353579.1","5238_ID","Tmem217","Gm17657"
"6496","TMEM184B","RN7SL704P","10374_ID","Tmem184b","Gm22649"
"6537","PSMF1","TMEM74B","12738_ID","Psmf1","Tmem74b"
"6539","IQCJ-SCHIP1","IQCJ","7365_ID","Iqschfp","Iqcj"
"6574","AL358113.1","FXN","7092_ID","Tjp2","Fxn"
"6651","GSTM2","GSTM1","7194_ID","Gstm7","Gstm3"
"6750","AL138752.2","SLC25A51","12084_ID","Shb","Slc25a51"
"6754","ARL17B","LRRC37A","7860_ID","Arf2","Lrrc37a"
"6766","ABHD14B","ABHD14A","10_ID","Abhd14b","Abhd14a"
"6893","HOXC6","HOXC9","7280_ID","Hoxc6","Hoxc9"
"6896","TBC1D1","PTTG2","9683_ID","Tbc1d1","Pttg1"
"6919","KLHL2","GK3P","7129_ID","Klhl2","Gk"
"6938","CYB5R3","ATP5MGL","6376_ID","Cyb5r3","Gm5426"
"6964","TSPAN1","P3R3URF","9491_ID","Tspan1","P3r3urf"
"6973","TAS2R14","TAS2R50","12624_ID","Tas2r113","Tas2r120"
"7048","STON1-GTF2A1L","GTF2A1L","7198_ID","Ston1","Gtf2a1l"
"7072","CLDN12","AC002456.2","52_ID","Cldn12","Pttg1ip2"
"7073","CDK14","AC002456.2","51_ID","Cdk14","Pttg1ip2"
"7085","NPHP3-ACAD11","ACKR4","4325_ID","Nphp3","Ackr4"
"7094","POLR1C","YIPF3","12927_ID","Polr1c","Yipf3"
"7233","NIPAL1","CNGA1","6674_ID","Nipal1","Cnga1"
"7236","AC104389.5","TRIM34","12780_ID","Trim5","Trim34a"
"7299","ADH1B","ADH1C","4357_ID","Adh1","Adh1"
"7308","POLR2B","RNU6-998P","11659_ID","Polr2b","Gm26446"
"7348","GLG1","RNU6-237P","11092_ID","Glg1","U6"
"7353","ROS1","RN7SKP18","9807_ID","Ros1","7SK"
"7356","PLK4","RNU6-583P","11354_ID","Plk4","Gm24491"
"7373","IRF2","SNORD79","12447_ID","Irf2","Gm50452"
"7391","IL2RA","SNORA14","12158_ID","Il2ra","Gm26397"
"7396","HAUS1","RNU6-1278P","10970_ID","Haus1","Gm22766"
"7410","APP","RNU6-123P","10938_ID","App","Gm24374"
"7435","RBM20","RN7SKP288","9880_ID","Rbm20","7SK"
"7448","GRIA4","RNU6-277P","11121_ID","Gria4","U6"
"7449","NCEH1","RNU6-547P","11328_ID","Nceh1","Gm23412"
"7451","PLD5","RN7SKP12","9774_ID","Pld5","7SK"
"7470","OPHN1","RNU6-1225P","10925_ID","Ophn1","U6"
"7473","KAZN","RNU6-1265P","10958_ID","Kazn","U6"
"7494","SKA2","RNU2-58P","10646_ID","Ska2","Gm22958"
"7519","EFCAB2","RNU6-1089P","10823_ID","Efcab2","Gm25253"
"7522","GRID1","RN7SKP238","9845_ID","Grid1","7SK"
"7536","FBXO36","RNU6-964P","11640_ID","Fbxo36","Gm26226"
"7540","TENM3","RNU2-34P","10631_ID","Tenm3","Gm23022"
"7541","RNF212B","RNU6-1046P","10791_ID","Rnf212b","Gm25867"
"7545","STX5","RNU6-118P","10892_ID","Stx5a","Gm25253"
"7549","PDZD2","RNU6-358P","11179_ID","Pdzd2","Gm23116"
"7551","MAGED1","RNU6-504P","11289_ID","Maged1","Gm25160"
"7554","NCOR1","RNU6-314P","11149_ID","Ncor1","Gm23205"
"7557","CYTH1","RNU6-638P","11397_ID","Cyth1","U6"
"7559","RYR2","RN7SKP195","9814_ID","Ryr2","7SK"
"7569","AFTPH","RNU6-100P","10763_ID","Aftph","U6"
"7570","BMS1","RNU6-885P","11584_ID","Bms1","U6"
"7579","GIGYF2","RNU6-107P","10815_ID","Gigyf2","Gm22351"
"7581","CLK4","RN7SKP70","9914_ID","Clk4","7SK"
"7584","NEMF","RNU6-539P","11321_ID","Nemf","Gm22543"
"7595","ELF2","RNU6-531P","11315_ID","Elf2","Gm23025"
"7605","SIL1","RNU6-572P","11346_ID","Sil1","Gm23093"
"7611","CPNE1","RNU6-759P","11479_ID","Cpne1","Gm25253"
"7613","LAMA2","RNU6-861P","11566_ID","Lama2","Gm23124"
"7615","NIPAL2","RNU6-914P","11608_ID","Nipal2","Gm24400"
"7620","RBL2","RNU6-1153P","10859_ID","Rbl2","Gm26226"
"7635","TRUB1","RNU6-1121P","10840_ID","Trub1","U6"
"7639","NUP214","RNU6-881P","11580_ID","Nup214","Gm26091"
"7641","XIAP","RNU6-122P","10928_ID","Xiap","Gm23535"
"7648","IGF2BP1","RNU6-826P","11533_ID","Igf2bp1","Gm23817"
"7660","PRKD1","RNU6-1234P","10931_ID","Prkd1","Gm23124"
"7661","NCKAP5","RNU6-579P","11350_ID","Nckap5","U6"
"7665","RPL23","SNORA21","12162_ID","Rpl23","SNORA21B"
"7671","BAZ1B","RNU6-1198P","10902_ID","Baz1b","Gm23111"
"7680","MSH5-SAPCD1","RNU6-850P","11554_ID","Msh5","Gm25416"
"7682","MSH5","RNU6-850P","11555_ID","Msh5","Gm25416"
"7686","KALRN","RNU6-143P","11030_ID","Kalrn","Gm24927"
"7690","MAPK10","RN7SKP96","9938_ID","Mapk10","7SK"
"7696","PBRM1","RNU6-856P","11563_ID","Pbrm1","Gm26402"
"7697","SMIM4","RNU6-856P","11562_ID","Smim4","Gm26402"
"7702","SLC25A12","RNU6-182P","11056_ID","Slc25a12","U6"
"7703","ARMH4","RNU6-341P","11166_ID","Armh4","Gm26203"
"7709","FREM2","RNU6-56P","11343_ID","Frem2","U6"
"7714","AC106741.1","RN7SKP233","9839_ID","Cntnap4","7SK"
"7715","CNTNAP4","RN7SKP233","9840_ID","Cntnap4","7SK"
"7726","CGN","SNORA44","12174_ID","Cgn","Gm22723"
"7731","LRRC63","RN7SKP5","9900_ID","Lrrc63","7SK"
"7734","EDIL3","RNU6-448P","11254_ID","Edil3","Gm23331"
"7743","DTL","RN7SKP98","9940_ID","Dtl","7SK"
"7748","TMEM233","RN7SKP197","9815_ID","Tmem233","7SK"
"7764","KATNAL1","RNU6-64P","11407_ID","Katnal1","U6"
"7772","HACE1","RNU6-897P","11591_ID","Hace1","Gm24817"
"7775","SGCG","RNU6-58P","11361_ID","Sgcg","Gm23676"
"7792","MARCHF1","RN7SKP105","9762_ID","Marchf1","7SK"
"7794","PID1","RN7SKP283","9877_ID","Pid1","7SK"
"7807","RAD9A","RNU6-1238P","10934_ID","Rad9a","U6"
"7811","ANKRD55","RNU6-299P","11140_ID","Ankrd55","Gm23093"
"7832","TAOK1","RNU6-711P","11445_ID","Taok1","Gm24851"
"7863","POU2AF1","RNU2-60P","10649_ID","Pou2af1","Gm23907"
"7987","MRPL43","SEMA4G","12032_ID","Mrpl43","Sema4g"
"8095","SYVN1","MRPL49","9165_ID","Syvn1","Mrpl49"
"8106","PRCP","DDIAS","6779_ID","Prcp","Ddias"
"8128","PPP1CA","TBC1D10C","12628_ID","Ppp1ca","Tbc1d10c"
"8192","TAF1D","C11orf54","6469_ID","Taf1d","4931406C07Rik"
"8201","CLNS1A","AQP11","6324_ID","Clns1a","Aqp11"
"8208","GALNT18","CSNK2A3","6721_ID","Galnt18","Csnk2a1"
"8233","POC1B-GALNT4","GALNT4","7101_ID","Galnt4","Galnt4"
"8236","AL357673.1","CDCP2","6599_ID","Cyb5rl","Cdcp2"
"8237","CFL1","SNX32","12481_ID","Cfl1","Snx32"
"8238","SLC52A2","FBXL6","7008_ID","Slc52a2","Fbxl6"
"8241","AP002495.1","DEFB131B","6787_ID","Xndc1","Defb43"
"8261","SETD4","CBR1","6559_ID","Setd4","Gm5678"
"8290","TAS2R14","TAS2R43","12620_ID","Tas2r116","Tas2r120"
"8345","RAD9A","POLD4","9593_ID","Rad9a","Pold4"
"8358","PRPF40B","FAM186B","6967_ID","Prpf40b","Fam186b"
"8360","TAS2R14","TAS2R46","12623_ID","Tas2r140","Tas2r120"
"8392","NDRG2","TPPP2","12770_ID","Ndrg2","Tppp2"
"8502","C12orf60","MGP","7947_ID","BC049715","Mgp"
"8516","TAS2R14","TAS2R30","12610_ID","Tas2r115","Tas2r136"
"8542","AC011462.1","TMEM91","12743_ID","Bckdha","Tmem91"
"8567","MORC4","CLDN2","6660_ID","Morc4","Cldn2"
"8573","AP000812.4","AP000812.3","6033_ID","Tomt","Tomt"
"8575","SARM1","VTN","12897_ID","Sarm1","Vtn"
"8583","WDR55","DND1","6828_ID","Wdr55","Dnd1"
"8594","RAD9A","AP003419.1","6254_ID","Rad9a","Gm45928"
"8630","WDPCP","MDH1","7936_ID","Wdpcp","Mdh1"
"8640","AP000812.4","LAMTOR1","7506_ID","Tomt","Lamtor1"
"8654","AC005832.4","AKAP3","4426_ID","Dyrk4","Akap3"
"8662","AC008764.1","CHERP","6636_ID","Med26","Cherp"
"8677","MGAM","CLEC5A","6663_ID","Mgam","Clec5a"
"8691","MGAM","TAS2R38","12615_ID","Mgam","Tas2r138"
"8705","AC008770.1","ZNF878","13081_ID","Zfp869","Zfp101"
"8825","AC009779.3","BLOC1S1","6421_ID","Bloc1s1","Bloc1s1"
"8902","CCDC65","FKBP11","7030_ID","Ccdc65","Fkbp11"
"8994","PRKCH","TMEM30B","12731_ID","Prkch","Tmem30b"
"9022","IFT43","TGFB3","12670_ID","Ift43","Tgfb3"
"9054","TMEM179","C14orf180","6472_ID","Tmem179","A530016L24Rik"
"9126","NRL","PCK2","9514_ID","Nrl","Pck2"
"9132","PAK6","BUB1B-PAK6","6441_ID","Pak6","Bub1b"
"9197","RMI2","TNP2","12755_ID","Rmi2","Tnp2"
"9225","SLC52A2","TMEM249","12728_ID","Slc52a2","Tmem249"
"9299","COG8","AC026464.6","2154_ID","Cog8","Cog8"
"9322","AC026464.1","NIP7","9263_ID","Tmed6","Nip7"
"9333","PDXDC1","RRN3","11966_ID","Pdxdc1","Rrn3"
"9356","ATPAF1","TEX38","12658_ID","Atpaf1","Tex38"
"9394","CARHSP1","AC022167.1","1836_ID","Carhsp1","Pmm2"
"9530","SPSB3","NUBP2","9314_ID","Spsb3","Nubp2"
"9674","DPH1","OVCA2","9483_ID","Dph1","Ovca2"
"10242","AC005726.1","FOXN1","7060_ID","Spag5","Foxn1"
"10335","DGCR8","MIR3618","8353_ID","Gm49776","Mir3618"
"10414","ARSG","SLC16A6","12075_ID","Arsg","Slc16a6"
"10546","GAREM1","MEP1B","7942_ID","Garem1","Mep1b"
"10853","SZT2","HYI","7319_ID","Szt2","Hyi"
"10965","TEX14","IGBP1P2","7336_ID","Tex14","Igbp1"
"11082","ATP6V1G2-DDX39B","SNORD84","12454_ID","Atp6v1g2","Gm22589"
"11334","DHX8","ETV4","6939_ID","Dhx8","Etv4"
"11384","RFX2","ACSBG2","4334_ID","Rfx2","Acsbg2"
"11392","YIF1B","C19orf33","6490_ID","Yif1b","2200002D01Rik"
"11395","MEIOC","CCDC43","6575_ID","Meioc","Ccdc43"
"11408","HOOK2","RTBDN","11974_ID","Hook2","Rtbdn"
"11429","PSMG2","CEP76","6624_ID","Psmg2","Cep76"
"11485","MARK4","BLOC1S3","6422_ID","Mark4","Bloc1s3"
"11554","AC010323.1","NDUFA7","9245_ID","Ndufa7","Ndufa7"
"11571","USHBP1","BABAM1","6393_ID","Ushbp1","Babam1"
"11578","ZNF586","ZNF552","13054_ID","Zfy1","Zfy1"
"11587","AC008397.2","PDE4C","9525_ID","Pde4c","Pde4c"
"11613","AC008764.1","SLC35E1","12090_ID","Med26","Slc35e1"
"11650","WDR83","WDR83OS","12909_ID","Wdr83","Wdr83os"
"11718","CRLF1","REX1BD","9734_ID","Crlf1","Rex1bd"
"11781","FPR1","FPR2","7076_ID","Fpr1","Fpr2"
"11851","AC235565.2","NXF2B","9320_ID","Tcp11x2","Nxf2"
"11858","NBL1","MICOS10-NBL1","7948_ID","Nbl1","Micos10"
"11871","STON1-GTF2A1L","AC073082.1","2502_ID","Ston1","Lhcgr"
"11930","IFITM3","AC136475.8","4160_ID","Ifitm6","Ifitm6"
"11953","IFITM3","AC136475.7","4158_ID","Ifitm6","Ifitm6"
"11996","DAZAP2","SMAGP","12122_ID","Dazap2","Smagp"
"12065","MMP28","C17orf50","6487_ID","Mmp28","1700020L24Rik"
"12207","MASP2","AL109811.2","4707_ID","Masp2","Tardbp"
"12408","AL033529.1","ZBTB8B","13003_ID","Zbtb8b","Zbtb8b"
"12424","C1orf112","SELE","12029_ID","BC055324","Sele"
"12432","MKKS","AL034430.1","4587_ID","Mkks",""
"12446","KCP","ATP6V1FNB","6383_ID","Kcp","Atp6v1fnb"
"12541","TRIM5","OR52E5","9443_ID","Trim5","Olfr678"
"12639","AC005041.1","C2orf81","6510_ID","1700003E16Rik","1700003E16Rik"
"12706","MYO19","PIGW","9556_ID","Myo19","Pigw"
"12849","CCL15-CCL14","CCL15","6581_ID","Ccl9","Ccl6"
"12889","ARL10","NOP16","9278_ID","Arl10","Nop16"
"12946","F8","H2AB1","7207_ID","F8","H2ab1"
"13066","AL157935.2","ST6GALNAC6","12559_ID","St6galnac6","St6galnac6"
"13069","PPOX","B4GALT3","6390_ID","Ppox","B4galt3"
"13075","DPYS","DCSTAMP","6774_ID","Dpys","Dcstamp"
"13076","RSRP1","RHD","9746_ID","Rsrp1","Rhd"
"13085","PDXDC1","NTAN1","9310_ID","Pdxdc1","Ntan1"
"13101","LINC02203","AC135068.4","4139_ID","Olfr733","Olfr733"
"13103","AC134980.2","AC135068.4","4140_ID","Olfr732","Olfr733"
"13134","DNMT3L","FP565260.4","7073_ID","Dnmt3l","Dnmt3l"
"13165","GATD3A","GATD3B","7108_ID","Gatd3a","Gatd3a"
"13201","MRPS22","PISRT1","9565_ID","Mrps22",""
"13227","DPCD","POLL","9595_ID","DPCD","Poll"
"13250","AC002985.1","DDX49","6784_ID","Homer3","Ddx49"
"13297","KIAA0753","AC004706.3","161_ID","4933427D14Rik",""
"13300","AC008012.1","TIGAR","12695_ID","Ccnd2","Tigar"
"13309","STAG2","TEX13D","12655_ID","Stag2",""
"13311","SH2D1A","TEX13D","12656_ID","Sh2d1a",""
"13314","STAG2","SH2D1A","12056_ID","Stag2","Sh2d1a"
"13322","CGGBP1","ZNF654","13061_ID","Cggbp1","Zfp654"
"13331","ACSM3","THUMPD1","12689_ID","Acsm3","Thumpd1"
"13332","AC104452.1","AMT","5940_ID","Amt","Amt"
"13338","TCAF2","TCAF2C","12640_ID","Tcaf2","Tcaf2"
"13346","ITFG2","TEX52","12662_ID","Itfg2","Tex52"
"13349","MIEF1","AL022312.1","4473_ID","Mief1",""
"13361","LIPA","IFIT2","7327_ID","Lipa","Ifit2"
"13363","LINC02203","OR4M2","9392_ID","Olfr732","Olfr734"
"13364","AC134980.2","OR4M2","9393_ID","Olfr732","Olfr734"
"13371","HOOK2","THSD8","12687_ID","Hook2","Gm49661"
"13373","TERF2IP","AC025287.4","2078_ID","Terf2ip","Cphx1"
"13376","LSP1","PRR33","9654_ID","Lsp1","Prr33"
"13380","TERF2IP","CPHXL","6700_ID","Terf2ip","Cphx1"
"13400","TRIM5","OR52N5","9450_ID","Trim30c","Olfr669"
"13418","TRIM5","OR56B2P","9455_ID","Trim30d","Olfr663"
"13439","OR9Q1","OR9I1","9475_ID","Olfr1500","Olfr1499"
"13447","AC104389.5","OR51M1","9427_ID","Trim30c","Olfr631"
"13456","HBE1","OR51M1","9426_ID","Hbb-y","Olfr631"
"13458","MGAM","OR9A4","9474_ID","Mgam","Olfr460"
"13464","TRIM5","OR52N1","9447_ID","Trim5","Olfr664"
"13471","TRIM5","OR52E4","9442_ID","Trim30c","Olfr677"
"13484","GABBR1","OR2H2","9387_ID","Gabbr1","Olfr90"
"13497","AC104389.5","OR51I2","9425_ID","Trim30a","Olfr641"
"13500","HBE1","OR51I2","9423_ID","Hbb-y","Olfr641"
"13527","DDIT3","AC022506.1","1873_ID","Ddit3","Ddit3"
"13537","POLR2J3","UPK3BL2","12851_ID","Upk3bl","Upk3bl"
"13545","HIVEP3","AC119676.1","3953_ID","Hivep3",""
"13553","IQCG","RPL35A","11954_ID","Iqcg","Rpl35a"
"13557","STRIP1","ALX3","5936_ID","Strip1","Alx3"
"13668","ZSCAN5A","EDDM13","6870_ID","Zscan5b","Epp13"
"13689","TXNL4B","HPR","7286_ID","Txnl4b","Hp"
"13691","AL034430.1","AL034430.2","4588_ID","",""
"13692","MKKS","AL034430.2","4589_ID","Mkks",""
"13711","AC097625.1","CLTRN","6670_ID","Cltrn","Cltrn"
"13745","C1orf112","SELL","12031_ID","BC055324","Sell"
"13820","FAM234B","GSG1","7189_ID","Fam234b","Gsg1"
"13831","DSE","TSPYL1","12802_ID","Dse","Tspyl1"
"13834","AL669918.1","TAP2","12597_ID","Tap2","Tap2"
"13842","AP000311.1","ATP5PO","6378_ID","Atp5o","Atp5o"
"13915","KANK1","AL392089.1","5602_ID","Kank1","Kank1"
"14771","CFAP298-TCP10L","TCP10L","12647_ID","Cfap298","Tcp10b"
"14774","AC104389.5","UBQLNL","12843_ID","Trim30b","Ubqlnl"
"14811","AL138752.2","EXOSC3","6946_ID","Shb","Exosc3"
"14815","PPHLN1","ZCRB1","13008_ID","Pphln1","Zcrb1"
