"","SYMBOL_Host","SYMBOL_Nested","pairid","Host_human_GeneName","Nested_human_GeneName"
"1","Necab3","1700003F12Rik","10_ID","NECAB3","C20orf144"
"2","Gm42669","1700028K03Rik","47_ID","BTBD8","C1orf146"
"3","Gm20695","1700037C18Rik","55_ID","CLUAP1","C16orf90"
"4","Tafa1","1700123L14Rik","104_ID","TAFA1","NUP50"
"5","Lbhd1","1810009A15Rik","112_ID","LBHD1","C11orf98"
"6","Mfsd13a","2310034G01Rik","126_ID","MFSD13A","C10orf95"
"7","Fgfr2","2310057M21Rik","129_ID","FGFR2","C10orf88"
"8","Gm49355","3830406C13Rik","160_ID","C3orf14","C3orf14"
"9","Chrne","4930544D05Rik","259_ID","CHRNE","C17orf107"
"10","Mid1","4933400A11Rik","297_ID","MID1","CAPZA1"
"11","Fgfr2","4933402N03Rik","301_ID","FGFR2","C10orf120"
"12","Hoga1","4933411K16Rik","310_ID","HOGA1","C10orf62"
"13","Rp9","9530077C05Rik","376_ID","RP9","KIAA0895"
"14","Fgfr2","Abraxas2","431_ID","FGFR2","ABRAXAS2"
"15","Slc22a14","Acaa1a","450_ID","SLC22A14","ACAA1"
"16","Fgfr2","Acadsb","451_ID","FGFR2","ACADSB"
"17","Acad11","Ackr4","452_ID","ACAD11","ACKR4"
"18","Cdh12","Acot10","453_ID","CDH12","ACOT9"
"19","Necab3","Actl10","461_ID","NECAB3","ACTL10"
"20","4930579F01Rik","Adh7","467_ID","C4orf17","ADH7"
"21","Rps16","AF357399","470_ID","RPS16","SNORA40"
"22","Apex2","Alas2","485_ID","APEX2","ALAS2"
"23","Gm21969","Aldh4a1","486_ID","IFFO2","ALDH4A1"
"24","Arhgap6","Amelx","489_ID","ARHGAP6","AMELX"
"25","Rnf123","Amigo3","491_ID","RNF123","AMIGO3"
"26","Rnase4","Ang","492_ID","RNASE4","ANG"
"27","Mcph1","Angpt2","493_ID","MCPH1","ANGPT2"
"28","Ralgps2","Angptl1","494_ID","RALGPS2","ANGPTL1"
"29","Ralgps1","Angptl2","495_ID","RALGPS1","ANGPTL2"
"30","Dock7","Angptl3","496_ID","DOCK7","ANGPTL3"
"31","Mtor","Angptl7","497_ID","MTOR","ANGPTL7"
"32","Dock6","Angptl8","498_ID","DOCK6","ANGPTL8"
"33","Eif2ak1","Ankrd61","500_ID","EIF2AK1","ANKRD61"
"34","Rgl1","Apobec4","505_ID","RGL1","APOBEC4"
"35","Gcc1","Arf5","507_ID","GCC1","ARF5"
"36","Il11ra1","Arid3c","512_ID","IL11RA","ARID3C"
"37","Nox1","Arl13a","514_ID","NOX1","ARL13A"
"38","Mcm9","Asf1a","515_ID","MCM9","ASF1A"
"39","Cenpp","Aspn","517_ID","CENPP","ASPN"
"40","Fgfr2","Ate1","519_ID","FGFR2","ATE1"
"41","Igsf8","Atp1a2","520_ID","IGSF8","ATP1A2"
"42","Arhgap4","Avpr2","528_ID","ARHGAP4","AVPR2"
"43","L1cam","Avpr2","529_ID","L1CAM","AVPR2"
"44","Psma2","AW209491","531_ID","PSMA2","C7orf25"
"45","Patl2","B2m","537_ID","PATL2","B2M"
"46","Cdc73","B3galt2","538_ID","CDC73","B3GALT2"
"47","Diablo","B3gnt4","539_ID","DIABLO","B3GNT4"
"48","Bri3","Baiap2l1","548_ID","BRI3","BAIAP2L1"
"49","Gm50253","Bak1","550_ID","ZBTB9","BAK1"
"50","Agbl4","Bend5","571_ID","AGBL4","BEND5"
"51","Mlst8","Bricd5","573_ID","MLST8","BRICD5"
"52","Fgfr2","Btbd16","574_ID","FGFR2","BTBD16"
"53","Gm28635","Btbd18","575_ID","CTNND1","BTBD18"
"54","Brf1","Btbd6","576_ID","BRF1","BTBD6"
"55","Fgfr2","Bub3","577_ID","FGFR2","BUB3"
"56","Gm49380","C1qtnf5","590_ID","RNF26","C1QTNF5"
"57","Rnf26","C1qtnf5","591_ID","RNF26","C1QTNF5"
"58","Trappc3l","Calhm4","602_ID","TRAPPC3L","CALHM4"
"59","Trappc3l","Calhm5","603_ID","TRAPPC3L","CALHM5"
"60","Gm49333","Camk2n2","605_ID","EEF1AKMT4-ECE2","CAMK2N2"
"61","Lpcat2","Capns2","607_ID","LPCAT2","CAPNS2"
"62","Slc6a9","Ccdc24","617_ID","SLC6A9","CCDC24"
"63","Tmem234","Ccdc28b","618_ID","TMEM234","CCDC28B"
"64","Gm44503","Ccpg1os","624_ID","DNAAF4","C15orf65"
"65","Cntnap1","Ccr10","625_ID","CNTNAP1","CCR10"
"66","Vamp1","Cd27","627_ID","VAMP1","CD27"
"67","Rab37","Cd300lf","628_ID","RAB37","CD300LF"
"68","Spef1","Cenpb","640_ID","SPEF1","CENPB"
"69","Timp2","Cep295nl","643_ID","TIMP2","CEP295NL"
"70","Asb3","Chac2","644_ID","ASB3","CHAC2"
"71","Acsf2","Chad","645_ID","ACSF2","CHAD"
"72","Phkg1","Chchd2","646_ID","PHKG1","CHCHD2"
"73","Gnal","Chmp1b","648_ID","GNAL","CHMP1B"
"74","Fgfr2","Chst15","650_ID","FGFR2","CHST15"
"75","Paxx","Clic3","654_ID","PAXX","CLIC3"
"76","Usp37","Cnot9","656_ID","USP37","CNOT9"
"77","Gm20498","Cox16","658_ID","SYNJ2BP-COX16","COX16"
"78","Itgad","Cox6a2","660_ID","ITGAD","COX6A2"
"79","Fgfr2","Cpxm2","662_ID","FGFR2","CPXM2"
"80","Nufip2","Cryba1","665_ID","NUFIP2","CRYBA1"
"81","Atp5o","Cryzl1","666_ID","ATP5PO","CRYZL1"
"82","Cx3cr1","Csrnp1","670_ID","CX3CR1","CSRNP1"
"83","Prkg1","Cstf2t","671_ID","PRKG1","CSTF2T"
"84","Fgfr2","Cuzd1","675_ID","FGFR2","CUZD1"
"85","Art3","Cxcl10","676_ID","ART3","CXCL10"
"86","Art3","Cxcl11","677_ID","ART3","CXCL11"
"87","Fyco1","Cxcr6","679_ID","FYCO1","CXCR6"
"88","Tmem234","Dcdc2b","696_ID","TMEM234","DCDC2B"
"89","Il11ra1","Dctn3","698_ID","IL11RA","DCTN3"
"90","Pdgfd","Ddi1","699_ID","PDGFD","DDI1"
"91","Dus2","Ddx28","700_ID","DUS2","DDX28"
"92","Rassf4","Depp1","703_ID","RASSF4","DEPP1"
"93","Fgfr2","Dmbt1","706_ID","FGFR2","DMBT1"
"94","Xpnpep3","Dnajb7","711_ID","XPNPEP3","DNAJB7"
"95","Gm28038","Dolk","717_ID","AL672142.1","DOLK"
"96","Dus2","Dpep2nb","719_ID","DUS2","DPEP2NB"
"97","Cenpp","Ecm2","733_ID","CENPP","ECM2"
"98","Fgfr2","Eef1akmt2","737_ID","FGFR2","AC068896.1"
"99","Itgb3bp","Efcab7","739_ID","ITGB3BP","EFCAB7"
"100","Shc4","Eid1","742_ID","SHC4","EID1"
"101","Txnrd1","Eid3","743_ID","TXNRD1","EID3"
"102","a","Eif2s2","744_ID","ASIP","EIF2S2"
"103","Ccdc73","Eif3m","745_ID","CCDC73","EIF3M"
"104","Drg1","Eif4enif1","747_ID","DRG1","EIF4ENIF1"
"105","Gm21985","Emc4","749_ID","SLC12A6","EMC4"
"106","Asb3","Erlec1","754_ID","ASB3","ERLEC1"
"107","Gzmk","Esm1","755_ID","GZMK","ESM1"
"108","Nf1","Evi2","759_ID","NF1","EVI2B"
"109","Nf1","Evi2a","760_ID","NF1","AC134669.1"
"110","Nf1","Evi2b","761_ID","NF1","EVI2B"
"111","Evi2","Evi2b","762_ID","EVI2B","EVI2B"
"112","Iqgap2","F2rl2","763_ID","IQGAP2","F2RL2"
"113","Xlr5a","F8a","768_ID","FAM9B","F8A3"
"114","Pip5k1b","Fam122a","772_ID","PIP5K1B","FAM122A"
"115","Gm12394","Fam205a1","775_ID","FAM205A","FAM205A"
"116","Fgfr2","Fam53b","780_ID","FGFR2","FAM53B"
"117","Slc5a10","Fam83g","782_ID","SLC5A10","FAM83G"
"118","Ubox5","Fastkd5","788_ID","UBOX5","FASTKD5"
"119","Wnt5b","Fbxl14","789_ID","WNT5B","FBXL14"
"120","Gm38431","Fdx2","794_ID","RAVER1","FDX2"
"121","1110032A03Rik","Fdxacb1","795_ID","C11orf1","FDXACB1"
"122","Eml6","Fem1al","796_ID","EML6","FEM1A"
"123","Arhgap26","Fgf1","798_ID","ARHGAP26","FGF1"
"124","Fam227b","Fgf7","800_ID","FAM227B","FGF7"
"125","Ccdc146","Fgl2","801_ID","CCDC146","FGL2"
"126","Cmss1","Filip1l","805_ID","CMSS1","FILIP1L"
"127","Macrod1","Flrt1","807_ID","MACROD1","FLRT1"
"128","Macrod2","Flrt3","808_ID","MACROD2","FLRT3"
"129","Cyfip2","Fndc9","809_ID","CYFIP2","FNDC9"
"130","Srpr","Foxred1","815_ID","SRPRA","FOXRED1"
"131","Rad54b","Fsbp","818_ID","RAD54B","FSBP"
"132","Lamb3","G0s2","820_ID","LAMB3","G0S2"
"133","Ikbkg","G6pdx","824_ID","IKBKG","G6PD"
"134","Poc1b","Galnt4","826_ID","POC1B","POC1B-GALNT4"
"135","Il11ra1","Galt","828_ID","IL11RA","GALT"
"136","Gm43302","Gbp10","832_ID","GBP6","GBP6"
"137","Gbp8","Gbp9","833_ID","GBP6","GBP6"
"138","Rtf2","Gcnt7","834_ID","RTF2","GCNT7"
"139","Cers1","Gdf1","835_ID","GDF1","GDF1"
"140","Glod4","Gemin4","836_ID","GLOD4","GEMIN4"
"141","Epo","Gigyf1","837_ID","EPO","GIGYF1"
"142","Gja5","Gja8","843_ID","GJA5","GJA8"
"143","Nmbr","Gje1","844_ID","NMBR","GJE1"
"144","Tspear","Gm10024","849_ID","TSPEAR","KRTAP10-9"
"145","Tspear","Gm10100","851_ID","TSPEAR","KRTAP10-9"
"146","Tspear","Gm10142","855_ID","TSPEAR","KRTAP10-9"
"147","Tspear","Gm10272","861_ID","TSPEAR","KRTAP10-9"
"148","Tspear","Gm10318","865_ID","TSPEAR","KRTAP10-11"
"149","Acaca","Gm11437","956_ID","ACACA","C17orf78"
"150","Dnajc17","Gm14137","1198_ID","DNAJC17","C15orf62"
"151","a","Gm14226","1210_ID","ASIP","ERVW-1"
"152","Cdh23","Gm17455","1680_ID","CDH23","C10orf105"
"153","Tspear","Gm18596","1698_ID","TSPEAR","KRTAP10-4"
"154","Tspear","Gm19402","1700_ID","TSPEAR","KRTAP10-4"
"155","Tspear","Gm19668","1714_ID","TSPEAR","KRTAP9-1"
"156","Axdnd1","Gm2000","1719_ID","AXDND1","RPL35"
"157","Nmt2","Gm22005","1813_ID","NMT2","RNU4-27P"
"158","Sf3b4","Gm22027","1821_ID","SF3B4","SNORA19"
"159","Med24","Gm22059","1834_ID","MED24","SNORD124"
"160","Fli1","Gm22060","1835_ID","FLI1","RNU6-226P"
"161","Rara","Gm22061","1836_ID","RARA","RNU6-95P"
"162","Ing5","Gm22089","1853_ID","ING5","RNU6-780P"
"163","Purb","Gm22123","1876_ID","PURB","MIR4657"
"164","Cdyl","Gm22126","1877_ID","CDYL","RNU1-11P"
"165","Sf3b3","Gm22193","1905_ID","SF3B3","SNORD111B"
"166","Hspa9","Gm22200","1908_ID","HSPA9","SNORD63"
"167","Atp11c","Gm22287","1946_ID","ATP11C","RNU6-681P"
"168","Lonp2","Gm22305","1955_ID","LONP2","RNU6-665P"
"169","Eif2b3","Gm22335","1970_ID","EIF2B3","RNU6-369P"
"170","Myef2","Gm22352","1975_ID","MYEF2","RNU6-654P"
"171","Ubr5","Gm22353","1976_ID","UBR5","SNORA2"
"172","Ybx3","Gm22362","1981_ID","YBX3","SNORA70"
"173","Arsg","Gm22378","1984_ID","ARSG","RNU6-1147P"
"174","Trpm2","Gm22394","1989_ID","TRPM2","snoZ6"
"175","Defa39","Gm22447","2008_ID","DEFA4","SNORA5"
"176","Dock3","Gm22454","2010_ID","DOCK3","RNU6-945P"
"177","Rpl4","Gm22455","2011_ID","RPL4","SNORD18C"
"178","Dido1","Gm22502","2028_ID","DIDO1","RNU6-1180P"
"179","Rps6ka1","Gm22523","2038_ID","RPS6KA1","RNU6-412P"
"180","Lsamp","Gm22543","2045_ID","LSAMP","RNU6-539P"
"181","Nelfb","Gm22572","2057_ID","NELFB","RNU6-704P"
"182","Dzip3","Gm22576","2060_ID","DZIP3","RNU6-603P"
"183","Ep400","Gm22583","2065_ID","EP400","RNU6-480P"
"184","Eml6","Gm22588","2068_ID","EML6","SNORA81"
"185","Ddx39b","Gm22589","2069_ID","DDX39B","SNORD84"
"186","Thumpd3","Gm22591","2070_ID","THUMPD3","RNU6-108P"
"187","Cerkl","Gm22606","2076_ID","CERKL","RNU6-82P"
"188","Taf1d","Gm22620","2083_ID","TAF1D","SNORA1"
"189","Usp29","Gm22649","2091_ID","USP29","RN7SL704P"
"190","Zbed3","Gm22661","2097_ID","ZBED3","SNORA68"
"191","Aven","Gm22676","2105_ID","AVEN","SNORA11C"
"192","Zbtb46","Gm22708","2118_ID","ZBTB46","RNU6-663P"
"193","Ep400","Gm22716","2125_ID","EP400","RNU6-105P"
"194","Ccdc170","Gm22739","2139_ID","CCDC170","RNU1-67P"
"195","Zg16","Gm22747","2144_ID","ZG16","RNU6-611P"
"196","Odc1","Gm22748","2145_ID","ODC1","SNORA80B"
"197","Adam17","Gm22766","2151_ID","ADAM17","RNU6-1278P"
"198","Cks2","Gm22806","2172_ID","CKS2","SNORA2"
"199","Wdr43","Gm22858","2194_ID","WDR43","SNORD53_SNORD92"
"200","Trpm2","Gm22871","2197_ID","TRPM2","snoZ6"
"201","Ubap2","Gm22888","2204_ID","UBAP2","SNORD121B"
"202","Fmnl3","Gm22951","2224_ID","FMNL3","RNU6-145P"
"203","Serinc4","Gm22953","2226_ID","SERINC4","MIR1282"
"204","Tafa2","Gm22958","2229_ID","TAFA2","RNU2-58P"
"205","Kif13a","Gm22960","2230_ID","KIF13A","RNU6-1132P"
"206","Ppan","Gm23008","2245_ID","PPAN-P2RY11","SNORD105B"
"207","Magi1","Gm23035","2254_ID","MAGI1","RNU6-193P"
"208","Gon4l","Gm23054","2265_ID","YY1AP1","RNU1-93P"
"209","Ubap2","Gm23090","2278_ID","UBAP2","SNORD121A"
"210","Vps52","Gm23111","2286_ID","VPS52","RNU6-1198P"
"211","Abcc1","Gm23116","2290_ID","ABCC1","RNU6-1275P"
"212","Tut4","Gm23138","2304_ID","TUT4","RNU6-179P"
"213","Nop56","Gm23187","2322_ID","NOP56","SNORD86"
"214","Npnt","Gm23196","2327_ID","NPNT","RNU6-998P"
"215","Mid2","Gm23199","2329_ID","MID2","RNU6-147P"
"216","Rnf14","Gm23205","2333_ID","RNF14","RNU6-314P"
"217","Mboat1","Gm23206","2334_ID","MBOAT1","RNU2-63P"
"218","Mapre2","Gm23207","2335_ID","MAPRE2","RNU6-180P"
"219","Cct6a","Gm23245","2352_ID","CCT6A","SNORA22"
"220","Eif4g2","Gm23262","2362_ID","EIF4G2","SNORD97"
"221","Ndufv2","Gm23264","2363_ID","NDUFV2","RNU6-495P"
"222","Nap1l4","Gm23297","2372_ID","NAP1L4","SNORA54"
"223","Abcc4","Gm23302","2376_ID","ABCC4","RNU6-820P"
"224","Dnajc5b","Gm23330","2386_ID","DNAJC5B","RNU1-39P"
"225","Rpl4","Gm23344","2390_ID","RPL4","SNORD18A"
"226","Colec12","Gm23350","2392_ID","COLEC12","RNU6-1204P"
"227","Podn","Gm23354","2394_ID","PODN","RNU6-244P"
"228","Nr1h3","Gm23390","2409_ID","NR1H3","RNU6-559P"
"229","Camta1","Gm23405","2414_ID","CAMTA1","RNU1-46P"
"230","Ttc39b","Gm23412","2419_ID","TTC39B","RNU6-547P"
"231","Spag16","Gm23422","2423_ID","SPAG16","RNU6-1156P"
"232","Prrc2a","Gm23442","2429_ID","PRRC2A","SNORA38"
"233","S100a2","Gm23464","2441_ID","S100A2","RNU1-56P"
"234","Ubn1","Gm23483","2449_ID","UBN1","RNU6-194P"
"235","Atxn10","Gm23517","2463_ID","ATXN10","RNU2-15P"
"236","Atf6","Gm23523","2464_ID","ATF6","RNU6-61P"
"237","Phb2","Gm23547","2472_ID","PHB2","SCARNA12"
"238","Defa29","Gm23561","2477_ID","DEFA1","SNORA5"
"239","Dnaaf4","Gm23567","2482_ID","DNAAF4","RNU6-1321P"
"240","Gm44503","Gm23567","2481_ID","DNAAF4","RNU6-1321P"
"241","Defa42","Gm23568","2483_ID","DEFA5","SNORA5"
"242","Lvrn","Gm23610","2503_ID","LVRN","RNU6-611P"
"243","Erich6b","Gm23622","2508_ID","ERICH6B","RNU6-923P"
"244","Hydin","Gm23627","2511_ID","HYDIN","RNU6-95P"
"245","Brca2","Gm23641","2522_ID","BRCA2","RNU6-1023P"
"246","Atrx","Gm23656","2528_ID","ATRX","RNU6-646P"
"247","Fam228b","Gm23676","2537_ID","FAM228B","RNU6-58P"
"248","Frmd4a","Gm23691","2541_ID","FRMD4A","RNU6-685P"
"249","Ttc3","Gm23692","2542_ID","TTC3","RNU1-105P"
"250","Mettl22","Gm23706","2547_ID","METTL22","SNORD86"
"251","Corin","Gm23712","2551_ID","CORIN","RNU6-154P"
"252","Cep350","Gm23744","2563_ID","CEP350","RNU2-72P"
"253","Dst","Gm23792","2585_ID","DST","RNU6-496P"
"254","Galnt16","Gm23817","2597_ID","GALNT16","RNU6-826P"
"255","R3hdm2","Gm23819","2598_ID","R3HDM2","RNU6-288P"
"256","Lcmt2","Gm23858","2613_ID","LCMT2","RNU6-543P"
"257","Ddr1","Gm23864","2615_ID","DDR1","RNU6-910P"
"258","Stk38","Gm23887","2622_ID","STK38","RNU2-28P"
"259","Dlg2","Gm23928","2635_ID","DLG2","U1"
"260","Wls","Gm23941","2639_ID","WLS","RNU6-249P"
"261","Etl4","Gm23970","2656_ID","KIAA1217","RNU6-38P"
"262","Rps20","Gm24016","2674_ID","RPS20","SNORD54"
"263","Slmap","Gm24031","2678_ID","SLMAP","SNORA71"
"264","Rpsa","Gm24044","2683_ID","RPSA","SNORA6"
"265","Snx12","Gm24061","2694_ID","SNX12","SNORA72"
"266","Ppan","Gm24067","2696_ID","PPAN","SNORD105"
"267","Slc25a3","Gm24119","2717_ID","SLC25A3","SNORA53"
"268","Sdk1","Gm24131","2719_ID","SDK1","RNU6-1006P"
"269","Ube2g1","Gm24143","2726_ID","UBE2G1","SNORA38"
"270","Cplane1","Gm24144","2727_ID","CPLANE1","RNU6-611P"
"271","Rapgef2","Gm24150","2732_ID","RAPGEF2","RNU6-1019P"
"272","Zfp286","Gm24151","2733_ID","ZNF286A","SNORA67"
"273","Rhobtb3","Gm24163","2742_ID","RHOBTB3","SNORA71"
"274","Stxbp1","Gm24165","2743_ID","STXBP1","SNORA31"
"275","Nup210l","Gm24185","2748_ID","NUP210L","RNU6-1313P"
"276","Rpl3","Gm24204","2761_ID","RPL3","RNU6-1300P"
"277","Mia2","Gm24233","2769_ID","MIA2","SNORA26"
"278","Nedd1","Gm24241","2772_ID","NEDD1","SNORA79"
"279","Tipin","Gm24289","2798_ID","TIPIN","SCARNA14"
"280","Baz1a","Gm24296","2800_ID","BAZ1A","RNU6-973P"
"281","Taf1d","Gm24299","2801_ID","TAF1D","SNORD5"
"282","Tbrg4","Gm24313","2807_ID","TBRG4","SNORA5A"
"283","Cwf19l1","Gm24336","2814_ID","CWF19L1","SNORA12"
"284","Taf1d","Gm24357","2826_ID","TAF1D","SNORD6"
"285","Wdhd1","Gm24378","2833_ID","WDHD1","RNU6-142P"
"286","Ralgapb","Gm24379","2834_ID","RALGAPB","Y_RNA"
"287","Rnf17","Gm24392","2839_ID","RNF17","RNU6-1167P"
"288","Dnmbp","Gm24400","2844_ID","DNMBP","RNU6-914P"
"289","Fbxo7","Gm24430","2857_ID","FBXO7","RNU6-491P"
"290","Sos2","Gm24449","2865_ID","SOS2","RNU6-212P"
"291","Nop56","Gm24451","2866_ID","NOP56","SNORA51"
"292","Phf8","Gm24460","2871_ID","PHF8","SNORA4"
"293","Rabggtb","Gm24494","2885_ID","RABGGTB","SNORD45A"
"294","Tmem167","Gm24507","2889_ID","TMEM167A","SCARNA18"
"295","Rpl30","Gm24523","2895_ID","RPL30","SNORA72"
"296","Zfp804b","Gm24525","2897_ID","ZNF804B","RNU12-2P"
"297","Dnah6","Gm24533","2900_ID","DNAH6","SNORA73"
"298","Defa38","Gm24568","2916_ID","DEFA6","SNORA5"
"299","Kdm5a","Gm24592","2924_ID","KDM5A","RNU6-544P"
"300","Eif3c","Gm24596","2927_ID","EIF3C","RNU6-1228P"
"301","Ubap2l","Gm24608","2931_ID","UBAP2L","SNORA58"
"302","Rnf111","Gm24615","2936_ID","RNF111","SNORA20"
"303","Cbfb","Gm24629","2945_ID","CBFB","Y_RNA"
"304","Pds5b","Gm24630","2946_ID","PDS5B","RNU6-160P"
"305","Fbxo3","Gm24644","2951_ID","FBXO3","SCARNA21"
"306","Dnah8","Gm24661","2960_ID","DNAH8","RNU6-1040P"
"307","Atf7ip2","Gm24667","2961_ID","ATF7IP2","RNU6-1167P"
"308","Cdh8","Gm24693","2969_ID","CDH8","RNU6-3P"
"309","Zc3h12d","Gm24726","2980_ID","ZC3H12D","SNORA40"
"310","Map2","Gm24729","2983_ID","MAP2","SNORA26"
"311","Defa43","Gm24829","3025_ID","DEFA3","SNORA5"
"312","Ubap2","Gm24837","3029_ID","UBAP2","SNORD121A"
"313","Clip1","Gm24840","3031_ID","CLIP1","RNU2-17P"
"314","Sugct","Gm24873","3047_ID","SUGCT","RNU6-3P"
"315","Rpl27a","Gm24888","3054_ID","RPL27A","SNORA3"
"316","Gnl3","Gm24916","3065_ID","GNL3","SNORD19B"
"317","Commd1b","Gm24917","3066_ID","COMMD1","RNU6-847P"
"318","Pip5k1a","Gm24920","3068_ID","PIP5K1A","SNORD62"
"319","Ss18","Gm24924","3069_ID","SS18","RNU1-136P"
"320","Pi4ka","Gm24927","3071_ID","PI4KA","RNU6-143P"
"321","Serpind1","Gm24927","3070_ID","SERPIND1","RNU6-143P"
"322","Trp63","Gm24928","3072_ID","TP63","RNU6-497P"
"323","Ap1b1","Gm24958","3081_ID","AP1B1","SNORD125"
"324","Ssh2","Gm24989","3090_ID","SSH2","SNORD86"
"325","Csmd3","Gm25007","3094_ID","CSMD3","RNU2-38P"
"326","Lrba","Gm25039","3107_ID","LRBA","RNU6-272P"
"327","Btbd9","Gm25049","3111_ID","BTBD9","RNU6-1186P"
"328","Vax2","Gm25054","3113_ID","VAX2","RNU6-1176P"
"329","Ikzf3","Gm25106","3130_ID","IKZF3","RNU2-65P"
"330","Lrch2","Gm25107","3131_ID","LRCH2","SNORA35"
"331","Ddx39b","Gm25128","3141_ID","DDX39B","SNORD117"
"332","Dclk1","Gm25132","3144_ID","DCLK1","RNU6-414P"
"333","Tpd52l2","Gm25184","3168_ID","TPD52L2","RNU1-34P"
"334","Cpa6","Gm25253","3197_ID","CPA6","RNU6-1089P"
"335","Lrfn3","Gm25259","3198_ID","LRFN3","RNU2-57P"
"336","Pla2g5","Gm25280","3208_ID","PLA2G5","RNU1-15P"
"337","Brca2","Gm25284","3210_ID","BRCA2","RNU4-56P"
"338","Uso1","Gm25290","3213_ID","USO1","SNORA57"
"339","Adgrb3","Gm25294","3215_ID","ADGRB3","RNU6-553P"
"340","Parp16","Gm25313","3222_ID","PARP16","RNU5B-1"
"341","Ap1g1","Gm25321","3227_ID","AP1G1","RNU6-611P"
"342","Ninj2","Gm25327","3230_ID","NINJ2","RNU6-36P"
"343","Gpatch8","Gm25337","3237_ID","GPATCH8","RNU6-893P"
"344","Gm11639","Gm25362","3251_ID","EFCAB13","RNU6-158P"
"345","Efcab3","Gm25362","3252_ID","EFCAB3","RNU6-158P"
"346","Gga3","Gm25364","3254_ID","GGA3","RNU6-707P"
"347","Galnt7","Gm25379","3259_ID","GALNT7","SNORA65"
"348","Apaf1","Gm25390","3264_ID","APAF1","RNU6-974P"
"349","Iars","Gm25394","3266_ID","IARS1","SNORA84"
"350","Map2","Gm25411","3273_ID","MAP2","RNU1-33P"
"351","Ric3","Gm25450","3287_ID","RIC3","RNU6-842P"
"352","Slf2","Gm25482","3298_ID","SLF2","RNU6-590P"
"353","Galnt13","Gm25489","3300_ID","GALNT13","RNU1-59P"
"354","Tnpo2","Gm25506","3307_ID","TNPO2","SNORD41"
"355","Wfdc8","Gm25512","3309_ID","WFDC8","RNU6-228P"
"356","Pnpla7","Gm25518","3312_ID","PNPLA7","RNU6-169P"
"357","Shcbp1l","Gm25588","3343_ID","SHCBP1L","SNORA4"
"358","Rnf146","Gm25596","3346_ID","RNF146","RNU6-102P"
"359","Zmym6","Gm25600","3348_ID","ZMYM6","RNU6-528P"
"360","Ak9","Gm25626","3359_ID","AK9","RNU6-1189P"
"361","Ipo7","Gm25636","3367_ID","IPO7","SNORA13"
"362","C7","Gm25652","3372_ID","C7","RNU6-391P"
"363","Uchl5","Gm25663","3378_ID","UCHL5","snoU109"
"364","Prr16","Gm25739","3407_ID","PRR16","RNU6-271P"
"365","Gtf2a1","Gm25776","3425_ID","GTF2A1","SNORA79"
"366","Ranbp1","Gm25777","3426_ID","RANBP1","SNORA77"
"367","Cyp39a1","Gm25783","3429_ID","CYP39A1","RNU2-50P"
"368","Taf1d","Gm25791","3435_ID","TAF1D","SNORA8"
"369","Usp7","Gm25805","3438_ID","USP7","RNU6-1067P"
"370","Adamtsl1","Gm25811","3439_ID","ADAMTSL1","RNU6-223P"
"371","Khdrbs2","Gm25814","3440_ID","KHDRBS2","RNU6-1088P"
"372","Creb5","Gm25818","3442_ID","CREB5","RNU1-98P"
"373","Pfas","Gm25819","3443_ID","PFAS","RNU6-410P"
"374","Tut4","Gm25827","3446_ID","TUT4","RNU6-1203P"
"375","Nhsl2","Gm25828","3447_ID","NHSL2","RNU6-159P"
"376","Eif4a1","Gm25835","3449_ID","EIF4A1","SNORD10"
"377","Fbxo45","Gm25848","3456_ID","FBXO45","SNORA79"
"378","Frmd4b","Gm25852","3457_ID","FRMD4B","SNORA63"
"379","Rab11fip4","Gm25867","3466_ID","RAB11FIP4","RNU6-426P"
"380","Ltn1","Gm25896","3478_ID","LTN1","SNORA2"
"381","Ccdc171","Gm25899","3480_ID","CCDC171","RNU4-84P"
"382","Cog5","Gm25913","3484_ID","COG5","SCARNA17"
"383","Haus3","Gm25918","3487_ID","HAUS3","RNU6-1014P"
"384","Poln","Gm25918","3488_ID","POLN","RNU6-1014P"
"385","Fut8","Gm25926","3491_ID","FUT8","RNU1-112P"
"386","Rnf43","Gm25968","3509_ID","AC004687.2","RNU6-1195P"
"387","Prpf39","Gm25970","3511_ID","PRPF39","SNORD127"
"388","Ophn1","Gm26000","3528_ID","OPHN1","RNU6-129P"
"389","Ccdc192","Gm26038","3544_ID","CCDC192","RNU6-686P"
"390","Araf","Gm26065","3552_ID","ARAF","RNU6-890P"
"391","Ep400","Gm26079","3559_ID","EP400","SNORA49"
"392","Hspa9","Gm26109","3572_ID","HSPA9","SNORD63"
"393","Golga1","Gm26127","3581_ID","GOLGA1","RNU6-398P"
"394","Tcp1","Gm26130","3583_ID","TCP1","SNORA29"
"395","St3gal2","Gm26132","3584_ID","ST3GAL2","SNORA57"
"396","Lpgat1","Gm26203","3607_ID","LPGAT1","RNU6-341P"
"397","Padi2","Gm26226","3616_ID","PADI2","RNU6-1153P"
"398","Dgkh","Gm26251","3629_ID","DGKH","SNORA40"
"399","Map3k7","Gm26254","3630_ID","MAP3K7","RNU4-21P"
"400","3110082I17Rik","Gm26285","3640_ID","C7orf50","RNU6-16P"
"401","Nop58","Gm26287","3641_ID","NOP58","SNORD11B"
"402","Nop58","Gm26293","3642_ID","NOP58","SNORD70"
"403","Rps8","Gm26330","3651_ID","RPS8","SNORD46"
"404","Jmjd1c","Gm26359","3665_ID","JMJD1C","RNU6-795P"
"405","Tomm20","Gm26397","3685_ID","TOMM20","SNORA14B"
"406","Clcn5","Gm26401","3687_ID","CLCN5","SNORA40"
"407","Ggt5","Gm26402","3688_ID","GGT5","RNU6-856P"
"408","Col19a1","Gm26418","3696_ID","COL19A1","SNORA64"
"409","Lats2","Gm26440","3708_ID","LATS2","SNORA65"
"410","Gm49361","Gm26440","3707_ID","LATS2","SNORA65"
"411","Wnk3","Gm26441","3709_ID","WNK3","RNU6-407P"
"412","Fpgt","Gm26456","3714_ID","FPGT","Y_RNA"
"413","Eef1b2","Gm26457","3715_ID","EEF1B2","SNORD51"
"414","Cnot1","Gm26493","3730_ID","CNOT1","SNORA46"
"415","Ptprb","Gm26495","3731_ID","PTPRB","SNORA4"
"416","Fam227b","Gm26496","3732_ID","FAM227B","RNU6-2"
"417","Hoxd3","Gm28230","4148_ID","HOXD3","HOXD4"
"418","Tspear","Gm3233","4346_ID","TSPEAR","KRTAP10-11"
"419","Tspear","Gm3238","4349_ID","TSPEAR","KRTAP10-9"
"420","Tspear","Gm3250","4351_ID","TSPEAR","KRTAP4-5"
"421","Tspear","Gm3285","4359_ID","TSPEAR","KRTAP10-9"
"422","Cdc25c","Gm3550","4413_ID","CDC25C","RPL29"
"423","Tspear","Gm36176","4426_ID","TSPEAR","KRTAP9-1"
"424","Lim2","Gm38999","4552_ID","LIM2","C19orf84"
"425","Hspa14","Gm45902","5029_ID","HSPA14","AC069544.2"
"426","Gm48551","Gm48552","5247_ID","DOHH","AC005551.1"
"427","Pnp","Gm49342","5323_ID","PNP","PNP"
"428","Lbhd1","Gm49403","5331_ID","LBHD1","LBHD1"
"429","Rnaseh2a","Gm49661","5350_ID","RNASEH2A","THSD8"
"430","Tspear","Gm49918","5372_ID","TSPEAR","KRTAP10-11"
"431","Zfp428","Gm50092","5396_ID","ZNF428","SRRM5"
"432","Gm28551","Gm50478","5458_ID","ASNSD1","ASDURF"
"433","Asnsd1","Gm50478","5459_ID","ASNSD1","ASDURF"
"434","Syt1","Gm5136","5461_ID","SYT1","BRCC3"
"435","Fam160a2","Gm5901","5469_ID","FAM160A2","C11orf42"
"436","Fam169a","Gm6169","5472_ID","FAM169A","PLP2"
"437","Trim2","Gm6525","5476_ID","TRIM2","RPL36AL"
"438","Atp11c","Gm7073","5485_ID","ATP11C","CXorf66"
"439","Tspear","Gm7137","5487_ID","TSPEAR","KRTAP10-9"
"440","Tspear","Gm7138","5488_ID","TSPEAR","KRTAP10-11"
"441","Tspear","Gm9507","5511_ID","TSPEAR","KRTAP10-9"
"442","Tspear","Gm9508","5512_ID","TSPEAR","KRTAP4-5"
"443","Tspear","Gm9639","5515_ID","TSPEAR","KRTAP4-5"
"444","Tspear","Gm9736","5516_ID","TSPEAR","KRTAP9-1"
"445","Samd4b","Gmfg","5534_ID","SAMD4B","GMFG"
"446","Rsph14","Gnaz","5535_ID","RSPH14","GNAZ"
"447","Gm50139","Gng3","5536_ID","HNRNPUL2-BSCL2","GNG3"
"448","Styx","Gnpnat1","5537_ID","STYX","GNPNAT1"
"449","Gm20604","Gon7","5538_ID","GON7","GON7"
"450","Cx3cr1","Gorasp1","5539_ID","CX3CR1","GORASP1"
"451","3110082I17Rik","Gper1","5540_ID","C7orf50","GPER1"
"452","3110082I17Rik","Gpr146","5541_ID","C7orf50","GPR146"
"453","Lims2","Gpr17","5542_ID","LIMS2","GPR17"
"454","Med12l","Gpr171","5543_ID","MED12L","GPR171"
"455","Ubac2","Gpr18","5544_ID","UBAC2","GPR18"
"456","Ubac2","Gpr183","5545_ID","UBAC2","GPR183"
"457","Rabgap1","Gpr21","5547_ID","RABGAP1","GPR21"
"458","Strbp","Gpr21","5546_ID","STRBP","GPR21"
"459","Cog5","Gpr22","5548_ID","COG5","GPR22"
"460","Fgfr2","Gpr26","5550_ID","FGFR2","GPR26"
"461","Cask","Gpr34","5551_ID","CASK","GPR34"
"462","Rabgap1l","Gpr52","5552_ID","RABGAP1L","GPR52"
"463","Cask","Gpr82","5553_ID","CASK","GPR82"
"464","Med12l","Gpr87","5554_ID","MED12L","GPR87"
"465","Fntb","Gpx2","5556_ID","FNTB","GPX2"
"466","Cdc20b","Gpx8","5557_ID","CDC20B","GPX8"
"467","Cfap43","Gsto1","5563_ID","CFAP43","GSTO1"
"468","Cfap43","Gsto2","5564_ID","CFAP43","GSTO2"
"469","Gm7030","H2-T10","5566_ID","HLA-E","HLA-E"
"470","Xk","H2al1m","5571_ID","XK","H2AL1RP"
"471","Itgae","Haspin","5578_ID","ITGAE","HASPIN"
"472","Methig1","Higd1c","5580_ID","METTL7A","HIGD1C"
"473","Csmd2","Hmgb4","5584_ID","CSMD2","HMGB4"
"474","Fgfr2","Hmx3","5587_ID","FGFR2","HMX3"
"475","Hoxa3","Hoxa4","5591_ID","HOXA3","HOXA4"
"476","Hoxa3","Hoxa5","5596_ID","HOXA3","HOXA5"
"477","Hoxa3","Hoxa6","5599_ID","HOXA3","HOXA6"
"478","Hoxd3","Hoxd4","5607_ID","HOXD3","HOXD4"
"479","Psmd9","Hpd","5609_ID","PSMD9","HPD"
"480","Lamb3","Hsd11b1","5612_ID","LAMB3","HSD11B1"
"481","Zfp697","Hsd3b2","5613_ID","ZNF697","HSD3B2"
"482","Zfp697","Hsd3b4","5614_ID","ZNF697","HSD3B2"
"483","Zfp697","Hsd3b5","5615_ID","ZNF697","HSD3B2"
"484","Commd10","Hspe1-rs1","5616_ID","COMMD10","HSPE1"
"485","Psmd1","Htr2b","5617_ID","PSMD1","HTR2B"
"486","Fgfr2","Htra1","5618_ID","FGFR2","HTRA1"
"487","Slco1a5","Iapp","5622_ID","SLCO1A2","IAPP"
"488","Samd4b","Ifnl2","5627_ID","SAMD4B","IFNL2"
"489","Samd4b","Ifnl3","5628_ID","SAMD4B","IFNL2"
"490","Mettl9","Igsf6","5631_ID","METTL9","IGSF6"
"491","Fgfr2","Ikzf5","5632_ID","FGFR2","IKZF5"
"492","Gm20489","Il2rg","5634_ID","IL2RG","AL590764.2"
"493","Pear1","Insrr","5638_ID","PEAR1","INSRR"
"494","Dock1","Insyn2a","5639_ID","DOCK1","INSYN2A"
"495","Dock2","Insyn2b","5640_ID","DOCK2","INSYN2B"
"496","Eaf2","Iqcb1","5643_ID","EAF2","IQCB1"
"497","Tmem234","Iqcc","5644_ID","TMEM234","IQCC"
"498","Atp5o","Itsn1","5650_ID","DONSON","ITSN1"
"499","Gigyf2","Kcnj13","5658_ID","GIGYF2","KCNJ13"
"500","Kcnip1","Kcnmb1","5660_ID","KCNIP1","KCNMB1"
"501","Kir3dl2","Kir3dl1","5667_ID","KIR2DL4","KIR3DL1"
"502","Smyd1","Krcc1","5677_ID","SMYD1","KRCC1"
"503","Tspear","Krtap10-10","5679_ID","TSPEAR","KRTAP9-1"
"504","Gm49918","Krtap10-4","5680_ID","KRTAP10-11","KRTAP10-9"
"505","Tspear","Krtap10-4","5681_ID","TSPEAR","KRTAP10-9"
"506","Tspear","Krtap12-1","5682_ID","TSPEAR","KRTAP4-5"
"507","Txndc12","Kti12","5684_ID","TXNDC12","KTI12"
"508","Tmem242","Ldhal6b","5689_ID","TMEM242","LDHAL6B"
"509","4931428L18Rik","Lgsn","5691_ID","ALYREF","LGSN"
"510","Fgfr2","Lhpp","5692_ID","FGFR2","LHPP"
"511","Gm49339","Lilr4b","5693_ID","LAIR2","LAIR2"
"512","Gm49339","Lilrb4a","5695_ID","LAIR2","LAIR2"
"513","Rb1","Lpar6","5699_ID","RB1","LPAR6"
"514","Samd4b","Lrfn1","5701_ID","SAMD4B","LRFN1"
"515","Pcx","Lrfn4","5702_ID","PC","LRFN4"
"516","Ccdc127","Lrrc14b","5705_ID","CCDC127","LRRC14B"
"517","Fbxl13","Lrrc17","5706_ID","FBXL13","LRRC17"
"518","Wdfy4","Lrrc18","5707_ID","WDFY4","LRRC18"
"519","Ift74","Lrrc19","5708_ID","IFT74","LRRC19"
"520","Snd1","Lrrc4","5709_ID","SND1","LRRC4"
"521","Immp2l","Lrrn3","5713_ID","IMMP2L","LRRN3"
"522","Ctnna2","Lrrtm1","5714_ID","CTNNA2","LRRTM1"
"523","Ctnna1","Lrrtm2","5715_ID","CTNNA1","LRRTM2"
"524","Ctnna3","Lrrtm3","5716_ID","CTNNA3","LRRTM3"
"525","Cacna2d3","Lrtm1","5717_ID","CACNA2D3","LRTM1"
"526","Cacna2d4","Lrtm2","5718_ID","CACNA2D4","LRTM2"
"527","Gfm1","Lxn","5719_ID","GFM1","LXN"
"528","Cd244a","Ly9","5721_ID","CD244","LY9"
"529","Nfix","Lyl1","5722_ID","NFIX","LYL1"
"530","Ccr9","Lztfl1","5724_ID","CCR9","LZTFL1"
"531","Lrba","Mab21l2","5727_ID","LRBA","MAB21L2"
"532","Magea2","Magea1","5730_ID","MAGEA10","MAGEA10"
"533","Magea2","Magea5","5731_ID","MAGEA10","MAGEA10"
"534","Methig1","Mettl7a2","5737_ID","METTL7A","METTL7A"
"535","Rnf26","Mfrp","5739_ID","RNF26","MFRP"
"536","Gm49380","Mfrp","5738_ID","RNF26","MFRP"
"537","Pank2","Mir103-2","5747_ID","PANK2","MIR103A2"
"538","Gabra3","Mir105","5748_ID","GABRA3","MIR105-2"
"539","Mcm7","Mir106b","5749_ID","MCM7","MIR106B"
"540","Hoxd3","Mir10b","5752_ID","HOXD3","MIR10B"
"541","Hoxd4","Mir10b","5751_ID","HOXD4","MIR10B"
"542","Vwa5b2","Mir1224","5762_ID","VWA5B2","MIR1224"
"543","Spaca6","Mir125a","5770_ID","SPACA6","MIR125A"
"544","Egfl7","Mir126a","5777_ID","EGFL7","MIR126"
"545","Glyctk","Mir135a-1","5800_ID","GLYCTK","MIR135A1"
"546","Pde2a","Mir139","5810_ID","PDE2A","MIR139"
"547","Gm45837","Mir139","5809_ID","PDE2A","MIR139"
"548","AA467197","Mir147","5817_ID","C15orf48","MIR147B"
"549","Smc4","Mir15b","5828_ID","SMC4","MIR15B"
"550","Smc4","Mir16-2","5830_ID","SMC4","MIR16-2"
"551","Nr6a1","Mir181b-2","5842_ID","NR6A1","MIR181B2"
"552","Nanos3","Mir181c","5843_ID","NANOS3","MIR181C"
"553","Zranb2","Mir186","5849_ID","ZRANB2","MIR186"
"554","Tln2","Mir190a","5873_ID","TLN2","MIR190A"
"555","Iars2","Mir194-1","5888_ID","IARS2","MIR194-1"
"556","Dnm2","Mir199a-1","5921_ID","DNM2","MIR199A1"
"557","Dnm3","Mir199a-2","5922_ID","DNM3","MIR199A2"
"558","Dnm1","Mir199b","5924_ID","DNM1","MIR199B"
"559","Dnm3","Mir214","5951_ID","DNM3","MIR214"
"560","Slit2","Mir218-1","5957_ID","SLIT2","MIR218-1"
"561","Slit3","Mir218-2","5958_ID","SLIT3","MIR218-2"
"562","Vmp1","Mir21a","5961_ID","VMP1","MIR21"
"563","Aopep","Mir23b","5968_ID","AOPEP","MIR23B"
"564","Fancc","Mir23b","5967_ID","FANCC","MIR23B"
"565","Mcm7","Mir25","5972_ID","MCM7","MIR25"
"566","Ctdspl","Mir26a-1","5973_ID","CTDSPL","MIR26A1"
"567","Ctdsp2","Mir26a-2","5974_ID","CTDSP2","MIR26A2"
"568","Lpp","Mir28a","5979_ID","LPP","MIR28"
"569","Nlrp12","Mir291b","5984_ID","NLRP12","MIR372"
"570","Nlrp12","Mir292","5985_ID","NLRP12","MIR371A"
"571","Nlrp12","Mir293","5988_ID","NLRP12","MIR371A"
"572","Nlrp12","Mir294","5989_ID","NLRP12","MIR372"
"573","Larp7","Mir302c","6007_ID","LARP7","MIR302C"
"574","Larp7","Mir302d","6008_ID","LARP7","MIR302D"
"575","Nfyc","Mir30c-1","6056_ID","NFYC","MIR30C1"
"576","Tmem245","Mir32","6078_ID","TMEM245","MIR32"
"577","Arrb1","Mir326","6083_ID","ARRB1","MIR326"
"578","Srebf2","Mir33","6086_ID","SREBF2","MIR33A"
"579","Eml2","Mir330","6087_ID","EML2","MIR330"
"580","Mest","Mir335","6089_ID","MEST","MIR335"
"581","Evl","Mir342","6094_ID","EVL","MIR342"
"582","Slc25a47","Mir345","6105_ID","SLC25A47","MIR345"
"583","Grid1","Mir346","6106_ID","GRID1","MIR346"
"584","Nsrp1","Mir423","6158_ID","NSRP1","hsa-mir-423"
"585","Htr2c","Mir448","6166_ID","HTR2C","MIR448"
"586","Cdc20b","Mir449a","6167_ID","CDC20B","MIR449B"
"587","Calcr","Mir489","6223_ID","CALCR","MIR489"
"588","Chrm2","Mir490","6224_ID","CHRM2","MIR490"
"589","Clcn5","Mir500","6230_ID","CLCN5","MIR502"
"590","Clcn5","Mir501","6231_ID","CLCN5","MIR501"
"591","Clcn5","Mir532","6269_ID","CLCN5","MIR532"
"592","Smarcd3","Mir671","6394_ID","SMARCD3","MIR671"
"593","Chpf2","Mir671","6395_ID","CHPF2","MIR671"
"594","Hnrnpk","Mir7-1","6534_ID","HNRNPK","MIR7-1"
"595","Tenm4","Mir708","6631_ID","TENM4","MIR708"
"596","Lingo2","Mir876","6785_ID","LINGO2","MIR876"
"597","Huwe1","Mir98","6795_ID","HUWE1","MIR98"
"598","Spaca6","Mir99b","6798_ID","SPACA6","MIR99B"
"599","Huwe1","Mirlet7f-2","6811_ID","HUWE1","MIRLET7F2"
"600","Gm20604","Moap1","6817_ID","GON7","MOAP1"
"601","Gm28051","Moap1","6816_ID","GON7","MOAP1"
"602","Nprl3","Mpg","6818_ID","NPRL3","MPG"
"603","Nudt1","Mrm2","6819_ID","NUDT1","MRM2"
"604","Gm28539","Mrpl40","6820_ID","C22orf39","MRPL40"
"605","Mapk8ip3","Mrps34","6821_ID","MAPK8IP3","MRPS34"
"606","Rgp1","Msmp","6827_ID","RGP1","MSMP"
"607","Ano3","Muc15","6830_ID","ANO3","MUC15"
"608","Slc22a14","Myd88","6833_ID","SLC22A14","MYD88"
"609","Herc3","Nap1l5","6957_ID","AC098582.1","NAP1L5"
"610","Samd4b","Nccrp1","6958_ID","SAMD4B","NCCRP1"
"611","Yjefn3","Ndufa13","6961_ID","YJEFN3","NDUFA13"
"612","Cerkl","Neurod1","6964_ID","CERKL","NEUROD1"
"613","Fgfr2","Nkx1-2","6966_ID","FGFR2","NKX1-2"
"614","Mapk8ip3","Nme3","6967_ID","MAPK8IP3","NME3"
"615","Serpinb6a","Nqo2","6973_ID","SERPINB6","NQO2"
"616","Rfxank","Nr2c2ap","6974_ID","RFXANK","NR2C2AP"
"617","Fam189a1","Nsmce3","6979_ID","FAM189A1","NSMCE3"
"618","Fgfr2","Nsmce4a","6980_ID","FGFR2","NSMCE4A"
"619","Pear1","Ntrk1","6981_ID","PEAR1","NTRK1"
"620","Tulp2","Nucb1","6982_ID","TULP2","NUCB1"
"621","Pcmt1","Nup43","6986_ID","PCMT1","NUP43"
"622","Nxpe4","Nxpe2","6988_ID","NXPE4","NXPE2"
"623","Fgfr2","Oat","6990_ID","FGFR2","OAT"
"624","Gm45785","Odf3","6991_ID","BET1L","ODF3"
"625","Cenpp","Ogn","6992_ID","CENPP","OGN"
"626","Olfr180","Olfr181","6996_ID","OR5K4","OR5K4"
"627","Olfr78","Olfr560","6997_ID","OR51E2","OR51C1P"
"628","Capn5","Omp","7008_ID","CAPN5","OMP"
"629","Sarnp","Ormdl2","7009_ID","SARNP","ORMDL2"
"630","Awat2","Otud6a","7010_ID","AWAT2","OTUD6A"
"631","Slc22a14","Oxsr1","7013_ID","SLC22A14","OXSR1"
"632","Med12l","P2ry12","7014_ID","MED12L","P2RY12"
"633","Med12l","P2ry13","7015_ID","MED12L","P2RY13"
"634","Med12l","P2ry14","7016_ID","MED12L","P2RY14"
"635","Radil","Papolb","7019_ID","RADIL","PAPOLB"
"636","Pate2","Pate1","7024_ID","PATE2","PATE1"
"637","Pate2","Pate4","7027_ID","PATE2","PATE4"
"638","Trip4","Pclaf","7030_ID","TRIP4","PCLAF"
"639","Pet100","Pcp2","7031_ID","PET100","PCP2"
"640","Tbp","Pdcd2","7033_ID","TBP","PDCD2"
"641","Itga1","Pelo","7036_ID","ITGA1","PELO"
"642","Camta1","Per3","7038_ID","CAMTA1","PER3"
"643","Kat14","Pet117","7039_ID","KAT14","PET117"
"644","Slc34a1","Pfn3","7040_ID","SLC34A1","PFN3"
"645","Zfp652","Phospho1","7041_ID","ZNF652","PHOSPHO1"
"646","Pla2g5","Pla2g2a","7049_ID","PLA2G5","PLA2G2A"
"647","Gm28042","Pla2g4b","7050_ID","PLA2G4B","PLA2G4B"
"648","Fgfr2","Plekha1","7054_ID","FGFR2","PLEKHA1"
"649","Cep85l","Pln","7056_ID","CEP85L","PLN"
"650","Wdr92","Pno1","7061_ID","WDR92","PNO1"
"651","Pnp","Pnp2","7062_ID","PNP","PNP"
"652","Epo","Pop7","7064_ID","EPO","POP7"
"653","Fam172a","Pou5f2","7066_ID","FAM172A","POU5F2"
"654","Grin3a","Ppp3r2","7071_ID","GRIN3A","PPP3R2"
"655","Rccd1","Prc1","7073_ID","RCCD1","PRC1"
"656","Gm50318","Prob1","7076_ID","SPATA24","PROB1"
"657","Sh3d19","Prss48","7082_ID","SH3D19","PRSS48"
"658","Sorcs2","Psapl1","7083_ID","SORCS2","PSAPL1"
"659","Fgfr2","Pstk","7086_ID","FGFR2","PSTK"
"660","Pkn1","Ptger1","7087_ID","PKN1","PTGER1"
"661","Veph1","Ptx3","7090_ID","VEPH1","PTX3"
"662","Fntb","Rab15","7093_ID","FNTB","RAB15"
"663","Gas2l1","Rasl10a","7103_ID","GAS2L1","RASL10A"
"664","Manf","Rbm15b","7106_ID","MANF","RBM15B"
"665","Gm21992","Rbm4","7107_ID","RBM4","RBM4"
"666","Gm21992","Rbm4b","7108_ID","RBM4","RBM4B"
"667","Pld5","Rbm8a2","7109_ID","PLD5","RBM8A"
"668","Glp2r","Rcvrn","7110_ID","GLP2R","RCVRN"
"669","Tdrd9","Rd3l","7111_ID","TDRD9","RD3L"
"670","Agrp","Ripor1","7115_ID","AGRP","RIPOR1"
"671","Bbof1","Rnf113a2","7117_ID","BBOF1","RNF113A"
"672","Cadps2","Rnf133","7118_ID","CADPS2","RNF133"
"673","Cadps2","Rnf148","7119_ID","CADPS2","RNF148"
"674","Parp16","Rnu5g","7128_ID","PARP16","RNU5A-1"
"675","Wdr38","Rpl35","7133_ID","WDR38","RPL35"
"676","Il11ra1","Rpp25l","7135_ID","IL11RA","RPP25L"
"677","Osbpl10","Rps27rt","7137_ID","OSBPL10","RPS27"
"678","Nhsl2","Rtl5","7144_ID","NHSL2","RTL5"
"679","Ctps2","S100g","7151_ID","CTPS2","S100G"
"680","Prpf6","Samd10","7152_ID","PRPF6","SAMD10"
"681","Gm45785","Scgb1c1","7163_ID","BET1L","SCGB1C2"
"682","Serpina1b","Serpina1d","7168_ID","SERPINA1","SERPINA1"
"683","Pi4ka","Serpind1","7169_ID","PI4KA","SERPIND1"
"684","Trappc13","Shld3","7171_ID","TRAPPC13","SHLD3"
"685","Il11ra1","Sigmar1","7172_ID","IL11RA","SIGMAR1"
"686","Tg","Sla","7173_ID","TG","SLA"
"687","Gm49486","Slc16a8","7176_ID","PICK1","SLC16A8"
"688","Nrxn2","Slc22a12","7178_ID","NRXN2","SLC22A12"
"689","Slc22a14","Slc22a13","7179_ID","SLC22A14","SLC22A13"
"690","Slc22a14","Slc22a13b","7180_ID","SLC22A14","SLC22A13"
"691","Gm37388","Slc25a2","7183_ID","PCDHA5","SLC25A2"
"692","Idua","Slc26a1","7184_ID","IDUA","SLC26A1"
"693","Ankrd52","Slc39a5","7186_ID","ANKRD52","SLC39A5"
"694","Mrps6","Slc5a3","7189_ID","MRPS6","SLC5A3"
"695","BC049715","Smco3","7192_ID","C12orf60","SMCO3"
"696","Ndufaf2","Smim15","7193_ID","NDUFAF2","SMIM15"
"697","Gtf2e2","Smim18","7194_ID","GTF2E2","SMIM18"
"698","Tpcn2","Smim38","7195_ID","TPCN2","SMIM38"
"699","Recql5","Smim5","7196_ID","RECQL5","SMIM5"
"700","Cct6a","Snora15","7200_ID","CCT6A","SNORA15"
"701","Tcp1","Snora20","7203_ID","TCP1","SNORA20"
"702","Rpl23","Snora21","7204_ID","RPL23","SNORA21"
"703","Ipo7","Snora23","7206_ID","IPO7","SNORA23"
"704","Rpl27a","Snora3","7211_ID","RPL27A","SNORA3"
"705","Srcap","Snora30","7212_ID","SRCAP","SNORA30"
"706","Gm42715","Snora30","7213_ID","SRCAP","SNORA30"
"707","Tpt1","Snora31","7214_ID","TPT1","SNORA31"
"708","Htr2c","Snora35","7217_ID","HTR2C","SNORA35"
"709","Eef1b2","Snora41","7219_ID","EEF1B2","SNORA41"
"710","Zbed3","Snora47","7221_ID","ZBED3","SNORA47"
"711","Lbhd1","Snora57","7223_ID","LBHD1","SNORA57"
"712","Tbrg4","Snora5c","7224_ID","TBRG4","SNORA5C"
"713","Rpsa","Snora62","7226_ID","RPSA","SNORA62"
"714","Rps2","Snora64","7227_ID","RPS2","SNORA64"
"715","Rpl18a","Snora68","7229_ID","RPL18A","SNORA68"
"716","Rcc1","Snora73a","7233_ID","RCC1","RNU105C"
"717","Rcc1","Snora73b","7236_ID","RCC1","RNU105C"
"718","Snhg4","Snora74a","7238_ID","MATR3","SNORA74A"
"719","Ncl","Snora75","7239_ID","NCL","SNORA75"
"720","Rps2","Snora78","7241_ID","RPS2","ACA64"
"721","Rpl32","Snora7a","7242_ID","RPL32","SNORA7B"
"722","Nop56","Snord110","7248_ID","NOP56","SNORD110"
"723","Sf3b3","Snord111","7249_ID","SF3B3","SNORD111"
"724","Rps13","Snord14a","7268_ID","RPS13","SNORD14B"
"725","Hspa8","Snord14c","7269_ID","HSPA8","SNORD14C"
"726","Hspa8","Snord14d","7270_ID","HSPA8","SNORD14D"
"727","Rps3","Snord15a","7272_ID","RPS3","SNORD15A"
"728","Rps3","Snord15b","7273_ID","RPS3","SNORD15B"
"729","Rpl4","Snord16a","7274_ID","RPL4","SNORD16"
"730","Snx5","Snord17","7275_ID","SNX5","SNORD17"
"731","Gnl3","Snord19","7276_ID","GNL3","SNORD19"
"732","Nop53","Snord23","7283_ID","NOP53","SNORD23"
"733","Rps11","Snord35b","7292_ID","RPS11","SNORD35B"
"734","Eef2","Snord37","7294_ID","EEF2","SNORD37"
"735","Rps8","Snord38a","7295_ID","RPS8","SNORD38A"
"736","Tlcd1","Snord42a","7297_ID","TLCD1","SNORD42A"
"737","Rpl23a","Snord42a","7296_ID","RPL23A","SNORD42A"
"738","Rabggtb","Snord45b","7300_ID","RABGGTB","SNORD45B"
"739","Rabggtb","Snord45c","7301_ID","RABGGTB","SNORD45C"
"740","Tlcd1","Snord4a","7306_ID","TLCD1","SNORD4A"
"741","Rpl23a","Snord4a","7305_ID","RPL23A","SNORD4A"
"742","Wdr43","Snord53","7310_ID","WDR43","SNORD53"
"743","Rps8","Snord55","7311_ID","RPS8","SNORD55"
"744","Atp5b","Snord59a","7314_ID","ATP5F1B","SNORD59A"
"745","Rbmx","Snord61","7317_ID","RBMX","SNORD61"
"746","Gm38393","Snord64","7318_ID","SNURF","SNORD64"
"747","Eif4g1","Snord66","7320_ID","EIF4G1","SNORD66"
"748","Rpl13","Snord68","7322_ID","RPL13","SNORD68"
"749","Gnl3","Snord69","7324_ID","GNL3","SNORD69"
"750","Nop58","Snord70","7326_ID","NOP58","SNORD70"
"751","Ap1g1","Snord71","7327_ID","AP1G1","SNORD71"
"752","Rpl37","Snord72","7328_ID","RPL37","SNORD72"
"753","Rps3a1","Snord73a","7329_ID","RPS3A","SNORD73A"
"754","Chd8","Snord8","7331_ID","CHD8","SNORD8"
"755","Ncl","Snord82","7334_ID","NCL","SNORD82"
"756","Rpl3","Snord83b","7335_ID","RPL3","SNORD83B"
"757","Rc3h2","Snord90","7343_ID","RC3H2","SNORD90"
"758","Wdr43","Snord92","7345_ID","WDR43","SNORD92"
"759","Rack1","Snord96a","7348_ID","RACK1","SNORD96A"
"760","Snrpn","Snurf","7352_ID","SNRPN","SNURF"
"761","Gm38393","Snurf","7351_ID","AC124312.1","SNURF"
"762","Siae","Spa17","7364_ID","SIAE","SPA17"
"763","Fam83e","Spaca4","7365_ID","FAM83E","SPACA4"
"764","Nos1ap","Spata46","7369_ID","NOS1AP","SPATA46"
"765","Xlr5a","Spin2d","7376_ID","FAM9B","SPIN2B"
"766","Spink10","Spink7","7377_ID","SPINK9","SPINK7"
"767","Nsun2","Srd5a1","7380_ID","NSUN2","SRD5A1"
"768","Mettl23","Srsf2","7382_ID","METTL23","SRSF2"
"769","Arl13b","Stx19","7387_ID","ARL13B","STX19"
"770","Samd4b","Sycn","7390_ID","SAMD4B","SYCN"
"771","Chpt1","Sycp3","7391_ID","CHPT1","SYCP3"
"772","Ttc23","Synm","7393_ID","TTC23","SYNM"
"773","Fgfr2","Tacc2","7394_ID","FGFR2","TACC2"
"774","Gm37388","Taf7","7397_ID","PCDHA5","TAF7"
"775","Ptprr","Taf7l2","7400_ID","PTPRR","TAF7L"
"776","Ak6","Taf9","7401_ID","TAF9","TAF9"
"777","Vamp1","Tapbpl","7403_ID","VAMP1","TAPBPL"
"778","Cenpp","Tes3-ps","7416_ID","CENPP","DCUN1D1"
"779","Il18","Tex12","7417_ID","IL18","TEX12"
"780","Il1rapl2","Tex13a","7418_ID","IL1RAPL2","TEX13B"
"781","Zfp804b","Tex47","7420_ID","ZNF804B","TEX47"
"782","Ankrd45","Tex50","7421_ID","ANKRD45","TEX50"
"783","Mtx1","Thbs3","7424_ID","MTX1","THBS3"
"784","Fbxo15","Timm21","7426_ID","FBXO15","TIMM21"
"785","Syn1","Timp1","7427_ID","SYN1","TIMP1"
"786","Syn3","Timp3","7428_ID","SYN3","TIMP3"
"787","Syn2","Timp4","7430_ID","SYN2","TIMP4"
"788","Pnkd","Tmbim1","7432_ID","PNKD","TMBIM1"
"789","Obsl1","Tmem198","7437_ID","OBSL1","TMEM198"
"790","Ift140","Tmem204","7438_ID","IFT140","TMEM204"
"791","Atp6v0a4","Tmem213","7439_ID","ATP6V0A4","TMEM213"
"792","Gm28372","Tmem239","7440_ID","AL035460.1","TMEM239"
"793","Gm28051","Tmem251","7442_ID","GON7","TMEM251"
"794","Gm20604","Tmem251","7441_ID","GON7","TMEM251"
"795","Zfp219","Tmem253","7443_ID","ZNF219","TMEM253"
"796","Glb1","Tmppe","7450_ID","GLB1","TMPPE"
"797","Tnfsfm13","Tnfsf12","7454_ID","TNFSF12-TNFSF13","TNFSF12"
"798","Tnfsfm13","Tnfsf13","7455_ID","TNFSF12-TNFSF13","TNFSF13"
"799","Nisch","Tnnc1","7458_ID","NISCH","TNNC1"
"800","Ttc16","Tor2a","7461_ID","TTC16","TOR2A"
"801","Wrap73","Tprgl","7464_ID","WRAP73","TPRG1L"
"802","Astn2","Trim32","7468_ID","ASTN2","TRIM32"
"803","Trim60","Trim61","7469_ID","TRIM60","TRIM61"
"804","Patl2","Trim69","7470_ID","PATL2","TRIM69"
"805","Gm49776","Trmt2a","7471_ID","DGCR8","TRMT2A"
"806","Gm20458","Trp53tg5","7472_ID","SYS1-DBNDD2","TP53TG5"
"807","Tspan2","Tshb","7479_ID","TSPAN2","TSHB"
"808","Nt5dc1","Tspyl4","7481_ID","NT5DC1","TSPYL4"
"809","Trpm5","Tssc4","7482_ID","TRPM5","TSSC4"
"810","Dgcr2","Tssk1","7483_ID","DGCR2","TSSK1B"
"811","Map2k1","Uchl4","7496_ID","MAP2K1","UCHL3"
"812","Gucd1","Upb1","7498_ID","GUCD1","UPB1"
"813","Otop2","Ush1g","7501_ID","OTOP2","USH1G"
"814","Gm49380","Usp2","7502_ID","RNF26","USP2"
"815","Acsl3","Utp14b","7505_ID","ACSL3","UTP14A"
"816","Camta1","Uts2","7506_ID","CAMTA1","UTS2"
"817","Camta1","Vamp3","7507_ID","CAMTA1","VAMP3"
"818","Coro7","Vasn","7508_ID","CORO7","VASN"
"819","Cdh23","Vsir","7517_ID","CDH23","VSIR"
"820","Cx3cr1","Xirp1","7522_ID","CX3CR1","XIRP1"
"821","Nox1","Xkrx","7524_ID","NOX1","XKRX"
"822","Xlr5a","Xlr5b","7529_ID","FAM9B","FAM9B"
"823","Pfkfb2","Yod1","7530_ID","PFKFB2","YOD1"
"824","Tapbp","Zbtb22","7534_ID","TAPBP","ZBTB22"
"825","Zbtb6","Zbtb26","7535_ID","ZBTB6","ZBTB26"
"826","Trim28","Zbtb45","7536_ID","TRIM28","ZBTB45"
"827","Slc25a53","Zcchc18","7539_ID","SLC25A53","ZCCHC18"
"828","Ccdc106","Zfp580","7552_ID","CCDC106","ZNF580"
"829","Tbcd","Zfp750","7553_ID","TBCD","ZNF750"
"830","Ccdc106","Zfp784","7554_ID","CCDC106","ZNF784"
"831","Fgfr2","Zranb1","7558_ID","FGFR2","ZRANB1"
"832","Commd1","Zrsr1","7560_ID","COMMD1","ZRSR2"
"833","Commd1b","Zrsr1","7559_ID","COMMD1","ZRSR2"
